week_start,device,step,users
2026-07-13,mobile,landing,9200
2026-07-13,mobile,plan_select,4784
2026-07-13,mobile,account_create,3253
2026-07-13,mobile,payment,2700
2026-07-13,mobile,trial_started,2430
2026-07-13,desktop,landing,6100
2026-07-13,desktop,plan_select,3355
2026-07-13,desktop,account_create,2248
2026-07-13,desktop,payment,1843
2026-07-13,desktop,trial_started,1696
2026-07-20,mobile,landing,9340
2026-07-20,mobile,plan_select,4857
2026-07-20,mobile,account_create,3303
2026-07-20,mobile,payment,2741
2026-07-20,mobile,trial_started,2467
2026-07-20,desktop,landing,6160
2026-07-20,desktop,plan_select,3388
2026-07-20,desktop,account_create,2270
2026-07-20,desktop,payment,1861
2026-07-20,desktop,trial_started,1712
2026-07-27,mobile,landing,9480
2026-07-27,mobile,plan_select,4930
2026-07-27,mobile,account_create,3352
2026-07-27,mobile,payment,2782
2026-07-27,mobile,trial_started,2504
2026-07-27,desktop,landing,6220
2026-07-27,desktop,plan_select,3421
2026-07-27,desktop,account_create,2292
2026-07-27,desktop,payment,1879
2026-07-27,desktop,trial_started,1729
2026-08-03,mobile,landing,9620
2026-08-03,mobile,plan_select,5002
2026-08-03,mobile,account_create,3401
2026-08-03,mobile,payment,2823
2026-08-03,mobile,trial_started,2541
2026-08-03,desktop,landing,6280
2026-08-03,desktop,plan_select,3454
2026-08-03,desktop,account_create,2314
2026-08-03,desktop,payment,1897
2026-08-03,desktop,trial_started,1745
2026-08-10,mobile,landing,9760
2026-08-10,mobile,plan_select,5075
2026-08-10,mobile,account_create,2081
2026-08-10,mobile,payment,1478
2026-08-10,mobile,trial_started,1330
2026-08-10,desktop,landing,6340
2026-08-10,desktop,plan_select,3487
2026-08-10,desktop,account_create,2301
2026-08-10,desktop,payment,1841
2026-08-10,desktop,trial_started,1694
2026-08-17,mobile,landing,9900
2026-08-17,mobile,plan_select,5148
2026-08-17,mobile,account_create,2111
2026-08-17,mobile,payment,1499
2026-08-17,mobile,trial_started,1349
2026-08-17,desktop,landing,6400
2026-08-17,desktop,plan_select,3520
2026-08-17,desktop,account_create,2323
2026-08-17,desktop,payment,1858
2026-08-17,desktop,trial_started,1709
2026-08-24,mobile,landing,10040
2026-08-24,mobile,plan_select,5221
2026-08-24,mobile,account_create,2141
2026-08-24,mobile,payment,1520
2026-08-24,mobile,trial_started,1368
2026-08-24,desktop,landing,6460
2026-08-24,desktop,plan_select,3553
2026-08-24,desktop,account_create,2345
2026-08-24,desktop,payment,1876
2026-08-24,desktop,trial_started,1726
2026-08-31,mobile,landing,10180
2026-08-31,mobile,plan_select,5294
2026-08-31,mobile,account_create,2171
2026-08-31,mobile,payment,1541
2026-08-31,mobile,trial_started,1387
2026-08-31,desktop,landing,6520
2026-08-31,desktop,plan_select,3586
2026-08-31,desktop,account_create,2367
2026-08-31,desktop,payment,1894
2026-08-31,desktop,trial_started,1742
