content_id,title,genre,is_original,release_date
c001,Last Orchard,comedy,false,2025-03-28
c002,Paper Harbor,thriller,false,2024-07-20
c003,Hidden Garden,drama,false,2025-09-09
c004,Northern Summit,comedy,false,2024-01-12
c005,Paper Kingdom,drama,false,2024-01-02
c006,Last Garden,kids,false,2026-01-04
c007,Wild Kingdom,kids,false,2025-05-25
c008,Northern Archive,kids,false,2024-10-03
c009,Midnight Orchard,,false,2025-04-29
c010,Broken Summit,comedy,false,2026-01-12
c011,Wild Orchard,kids,false,2025-01-02
c012,Paper Harbor,thriller,false,2024-11-19
c013,Broken Garden,drama,false,2024-08-21
c014,Northern Garden,reality,false,2024-03-06
c015,Paper Frontier,thriller,false,2025-09-26
c016,Midnight Garden,,false,2025-03-26
c017,Hidden Frontier,documentary,false,2024-04-22
c018,Golden Harbor,reality,true,2024-08-16
c019,Midnight Orchard,thriller,true,2025-07-08
c020,Northern Garden,thriller,false,2026-02-05
c021,Midnight Garden,documentary,true,2025-12-12
c022,Golden Signal,documentary,false,2025-04-14
c023,Electric Frontier,reality,true,2024-06-29
c024,Silent Garden,thriller,false,2025-03-10
c025,Last Signal,documentary,false,2025-04-24
c026,Paper Signal,kids,false,2025-01-24
c027,Last Orchard,comedy,false,2025-03-22
c028,Paper Garden,documentary,false,2026-05-23
c029,Silent Signal,,false,2024-06-24
c030,Broken Tide,drama,false,2025-05-02
c031,Last Archive,comedy,true,2024-08-26
c032,Paper Circuit,sci-fi,false,2025-12-28
c033,Broken Circuit,thriller,true,2025-04-15
c034,Hidden Archive,kids,false,2024-10-29
c035,Paper Circuit,reality,false,2024-08-08
c036,Broken Frontier,kids,false,2025-07-30
c037,Northern Frontier,thriller,false,2024-05-16
c038,Golden Frontier,thriller,false,2025-01-01
c039,Broken Orchard,kids,true,2026-04-11
c040,Midnight Archive,kids,true,2025-01-31
c041,Midnight Summit,sci-fi,false,2025-03-18
c042,Golden Archive,kids,false,2025-05-11
c043,Wild Harbor,sci-fi,false,2025-11-05
c044,Midnight Frontier,documentary,true,2024-11-30
c045,Paper Signal,kids,true,2024-03-27
c046,Golden Frontier,comedy,true,2025-03-04
c047,Silent Signal,comedy,false,2026-05-25
c048,Silent Kingdom,kids,true,2024-07-16
c049,Silent Frontier,comedy,false,2025-03-09
c050,Broken Frontier,documentary,true,2024-08-30
c051,Midnight Tide,thriller,false,2024-04-18
c052,Golden Kingdom,,false,2025-09-03
c053,Wild Signal,documentary,false,2025-05-27
c054,Midnight Signal,thriller,false,2024-03-21
c055,Broken Frontier,,true,2025-10-05
c056,Hidden Orchard,drama,false,2025-11-03
c057,Hidden Summit,thriller,false,2024-02-14
c058,Broken Harbor,kids,true,2025-03-10
c059,Midnight Harbor,reality,true,2024-05-18
c060,Paper Harbor,comedy,false,2026-05-22
