user_id,experiment,arm,assigned_at
u0001,autoplay_next_v2,treatment,2026-08-03
u0002,autoplay_next_v2,control,2026-08-05
u0003,home_row_ranking,treatment,2026-05-11
u0003,autoplay_next_v2,control,2026-08-03
u0004,home_row_ranking,treatment,2026-05-13
u0004,autoplay_next_v2,treatment,2026-08-05
u0005,autoplay_next_v2,control,2026-08-05
u0006,home_row_ranking,control,2026-05-16
u0006,autoplay_next_v2,treatment,2026-08-05
u0007,home_row_ranking,control,2026-05-14
u0007,autoplay_next_v2,treatment,2026-08-04
u0008,home_row_ranking,control,2026-05-15
u0008,autoplay_next_v2,control,2026-08-05
u0009,autoplay_next_v2,control,2026-08-03
u0010,autoplay_next_v2,control,2026-08-04
u0011,autoplay_next_v2,control,2026-08-04
u0012,home_row_ranking,control,2026-05-16
u0012,autoplay_next_v2,control,2026-08-05
u0013,home_row_ranking,control,2026-05-15
u0013,autoplay_next_v2,treatment,2026-08-04
u0014,home_row_ranking,control,2026-05-11
u0014,autoplay_next_v2,treatment,2026-08-03
u0015,home_row_ranking,control,2026-05-17
u0015,autoplay_next_v2,control,2026-08-04
u0016,home_row_ranking,treatment,2026-05-12
u0016,autoplay_next_v2,control,2026-08-03
u0017,home_row_ranking,treatment,2026-05-12
u0017,autoplay_next_v2,treatment,2026-08-04
u0018,autoplay_next_v2,control,2026-08-04
u0019,autoplay_next_v2,control,2026-08-05
u0020,home_row_ranking,control,2026-05-14
u0020,autoplay_next_v2,treatment,2026-08-05
u0021,autoplay_next_v2,treatment,2026-08-04
u0022,home_row_ranking,control,2026-05-12
u0022,autoplay_next_v2,control,2026-08-05
u0023,home_row_ranking,treatment,2026-05-16
u0023,autoplay_next_v2,control,2026-08-03
u0024,home_row_ranking,control,2026-05-11
u0024,autoplay_next_v2,control,2026-08-04
u0025,autoplay_next_v2,treatment,2026-08-05
u0026,autoplay_next_v2,treatment,2026-08-05
u0027,autoplay_next_v2,control,2026-08-04
u0028,autoplay_next_v2,treatment,2026-08-04
u0029,autoplay_next_v2,control,2026-08-05
u0030,home_row_ranking,treatment,2026-05-17
u0030,autoplay_next_v2,treatment,2026-08-05
u0031,autoplay_next_v2,control,2026-08-03
u0032,home_row_ranking,treatment,2026-05-17
u0032,autoplay_next_v2,control,2026-08-04
u0033,home_row_ranking,control,2026-05-12
u0033,autoplay_next_v2,control,2026-08-03
u0035,autoplay_next_v2,treatment,2026-08-03
u0036,autoplay_next_v2,treatment,2026-08-05
u0037,autoplay_next_v2,control,2026-08-04
u0038,autoplay_next_v2,control,2026-08-03
u0039,autoplay_next_v2,treatment,2026-08-05
u0041,autoplay_next_v2,control,2026-08-04
u0042,autoplay_next_v2,treatment,2026-08-03
u0043,autoplay_next_v2,control,2026-08-05
u0044,autoplay_next_v2,control,2026-08-04
u0045,autoplay_next_v2,treatment,2026-08-03
u0046,home_row_ranking,control,2026-05-12
u0046,autoplay_next_v2,treatment,2026-08-05
u0047,home_row_ranking,control,2026-05-13
u0047,autoplay_next_v2,control,2026-08-03
u0049,autoplay_next_v2,control,2026-08-05
u0050,autoplay_next_v2,control,2026-08-03
u0051,autoplay_next_v2,control,2026-08-03
u0052,home_row_ranking,treatment,2026-05-11
u0052,autoplay_next_v2,control,2026-08-03
u0053,home_row_ranking,treatment,2026-05-14
u0053,autoplay_next_v2,treatment,2026-08-05
u0054,autoplay_next_v2,control,2026-08-04
u0055,autoplay_next_v2,control,2026-08-03
u0056,home_row_ranking,treatment,2026-05-15
u0056,autoplay_next_v2,control,2026-08-04
u0057,home_row_ranking,control,2026-05-13
u0057,autoplay_next_v2,treatment,2026-08-03
u0058,autoplay_next_v2,control,2026-08-04
u0059,home_row_ranking,control,2026-05-14
u0059,autoplay_next_v2,treatment,2026-08-03
u0060,autoplay_next_v2,control,2026-08-03
u0061,home_row_ranking,control,2026-05-14
u0061,autoplay_next_v2,control,2026-08-04
u0062,autoplay_next_v2,treatment,2026-08-04
u0063,home_row_ranking,control,2026-05-11
u0063,autoplay_next_v2,treatment,2026-08-05
u0064,home_row_ranking,control,2026-05-16
u0064,autoplay_next_v2,treatment,2026-08-04
u0065,autoplay_next_v2,treatment,2026-08-04
u0066,home_row_ranking,treatment,2026-05-16
u0066,autoplay_next_v2,control,2026-08-03
u0067,autoplay_next_v2,control,2026-08-04
u0068,home_row_ranking,treatment,2026-05-17
u0068,autoplay_next_v2,treatment,2026-08-04
u0069,autoplay_next_v2,treatment,2026-08-05
u0070,home_row_ranking,treatment,2026-05-11
u0070,autoplay_next_v2,control,2026-08-04
u0071,autoplay_next_v2,control,2026-08-05
u0072,autoplay_next_v2,treatment,2026-08-05
u0073,autoplay_next_v2,treatment,2026-08-04
u0075,autoplay_next_v2,control,2026-08-05
u0076,home_row_ranking,control,2026-05-15
u0076,autoplay_next_v2,control,2026-08-03
u0077,home_row_ranking,treatment,2026-05-14
u0077,autoplay_next_v2,control,2026-08-04
u0078,autoplay_next_v2,treatment,2026-08-05
u0079,autoplay_next_v2,control,2026-08-03
u0080,home_row_ranking,control,2026-05-11
u0080,autoplay_next_v2,treatment,2026-08-03
u0081,autoplay_next_v2,treatment,2026-08-03
u0082,home_row_ranking,control,2026-05-11
u0082,autoplay_next_v2,control,2026-08-04
u0083,autoplay_next_v2,treatment,2026-08-05
u0085,autoplay_next_v2,control,2026-08-05
u0086,home_row_ranking,control,2026-05-11
u0086,autoplay_next_v2,treatment,2026-08-05
u0087,autoplay_next_v2,treatment,2026-08-05
u0088,autoplay_next_v2,treatment,2026-08-04
u0089,autoplay_next_v2,control,2026-08-03
u0090,autoplay_next_v2,control,2026-08-03
u0091,autoplay_next_v2,treatment,2026-08-03
u0092,autoplay_next_v2,control,2026-08-04
u0093,home_row_ranking,control,2026-05-14
u0094,home_row_ranking,control,2026-05-15
u0094,autoplay_next_v2,treatment,2026-08-04
u0095,autoplay_next_v2,treatment,2026-08-04
u0096,autoplay_next_v2,control,2026-08-05
u0097,autoplay_next_v2,control,2026-08-03
u0098,autoplay_next_v2,control,2026-08-05
u0099,autoplay_next_v2,control,2026-08-04
u0100,autoplay_next_v2,treatment,2026-08-04
u0101,autoplay_next_v2,control,2026-08-05
u0102,home_row_ranking,treatment,2026-05-13
u0102,autoplay_next_v2,treatment,2026-08-05
u0103,autoplay_next_v2,control,2026-08-04
u0104,home_row_ranking,control,2026-05-16
u0104,autoplay_next_v2,control,2026-08-04
u0105,home_row_ranking,treatment,2026-05-11
u0105,autoplay_next_v2,control,2026-08-05
u0106,home_row_ranking,control,2026-05-15
u0106,autoplay_next_v2,treatment,2026-08-05
u0108,home_row_ranking,control,2026-05-15
u0109,home_row_ranking,control,2026-05-11
u0109,autoplay_next_v2,control,2026-08-05
u0110,home_row_ranking,control,2026-05-15
u0110,autoplay_next_v2,control,2026-08-04
u0111,autoplay_next_v2,treatment,2026-08-05
u0112,autoplay_next_v2,control,2026-08-05
u0113,autoplay_next_v2,control,2026-08-03
u0115,autoplay_next_v2,treatment,2026-08-03
u0116,autoplay_next_v2,treatment,2026-08-03
u0117,autoplay_next_v2,treatment,2026-08-04
u0118,home_row_ranking,treatment,2026-05-11
u0118,autoplay_next_v2,control,2026-08-03
u0119,home_row_ranking,treatment,2026-05-14
u0119,autoplay_next_v2,control,2026-08-03
u0120,home_row_ranking,treatment,2026-05-11
u0120,autoplay_next_v2,treatment,2026-08-04
u0121,autoplay_next_v2,control,2026-08-03
u0122,autoplay_next_v2,treatment,2026-08-03
u0123,autoplay_next_v2,control,2026-08-03
u0124,autoplay_next_v2,control,2026-08-03
u0125,autoplay_next_v2,control,2026-08-04
u0126,home_row_ranking,treatment,2026-05-16
u0126,autoplay_next_v2,control,2026-08-05
u0128,autoplay_next_v2,treatment,2026-08-05
u0129,home_row_ranking,control,2026-05-13
u0129,autoplay_next_v2,control,2026-08-05
u0130,autoplay_next_v2,treatment,2026-08-03
u0131,autoplay_next_v2,control,2026-08-03
u0132,home_row_ranking,treatment,2026-05-11
u0132,autoplay_next_v2,control,2026-08-05
u0133,autoplay_next_v2,treatment,2026-08-05
u0134,home_row_ranking,treatment,2026-05-14
u0134,autoplay_next_v2,treatment,2026-08-04
u0135,autoplay_next_v2,control,2026-08-03
u0136,home_row_ranking,treatment,2026-05-11
u0136,autoplay_next_v2,control,2026-08-04
u0137,home_row_ranking,control,2026-05-15
u0137,autoplay_next_v2,control,2026-08-05
u0138,autoplay_next_v2,control,2026-08-03
u0139,home_row_ranking,treatment,2026-05-15
u0139,autoplay_next_v2,control,2026-08-03
u0140,autoplay_next_v2,treatment,2026-08-04
u0141,home_row_ranking,control,2026-05-13
u0141,autoplay_next_v2,treatment,2026-08-03
u0142,home_row_ranking,control,2026-05-17
u0145,autoplay_next_v2,treatment,2026-08-04
u0146,autoplay_next_v2,control,2026-08-03
u0147,autoplay_next_v2,control,2026-08-04
u0148,autoplay_next_v2,control,2026-08-04
u0149,home_row_ranking,control,2026-05-13
u0149,autoplay_next_v2,control,2026-08-03
u0150,autoplay_next_v2,control,2026-08-04
u0151,autoplay_next_v2,control,2026-08-04
u0152,autoplay_next_v2,control,2026-08-05
u0153,autoplay_next_v2,treatment,2026-08-03
u0154,autoplay_next_v2,treatment,2026-08-03
u0155,autoplay_next_v2,treatment,2026-08-04
u0156,autoplay_next_v2,treatment,2026-08-05
u0157,autoplay_next_v2,control,2026-08-05
u0158,autoplay_next_v2,control,2026-08-03
u0159,autoplay_next_v2,control,2026-08-04
u0160,home_row_ranking,treatment,2026-05-13
u0160,autoplay_next_v2,treatment,2026-08-03
u0161,autoplay_next_v2,treatment,2026-08-05
u0162,autoplay_next_v2,control,2026-08-04
u0163,autoplay_next_v2,control,2026-08-03
u0164,autoplay_next_v2,treatment,2026-08-03
u0165,autoplay_next_v2,treatment,2026-08-05
u0166,autoplay_next_v2,treatment,2026-08-05
u0167,home_row_ranking,control,2026-05-14
u0168,autoplay_next_v2,treatment,2026-08-03
u0169,home_row_ranking,treatment,2026-05-16
u0169,autoplay_next_v2,control,2026-08-04
u0170,home_row_ranking,treatment,2026-05-12
u0170,autoplay_next_v2,treatment,2026-08-05
u0171,autoplay_next_v2,treatment,2026-08-05
u0172,autoplay_next_v2,control,2026-08-03
u0173,autoplay_next_v2,treatment,2026-08-05
u0174,autoplay_next_v2,control,2026-08-03
u0175,autoplay_next_v2,treatment,2026-08-03
u0176,autoplay_next_v2,control,2026-08-03
u0177,autoplay_next_v2,treatment,2026-08-03
u0178,autoplay_next_v2,treatment,2026-08-05
u0179,autoplay_next_v2,control,2026-08-03
u0180,home_row_ranking,control,2026-05-12
u0180,autoplay_next_v2,treatment,2026-08-04
u0181,autoplay_next_v2,control,2026-08-04
u0182,autoplay_next_v2,control,2026-08-04
u0183,autoplay_next_v2,treatment,2026-08-03
u0184,home_row_ranking,treatment,2026-05-14
u0184,autoplay_next_v2,control,2026-08-04
u0185,home_row_ranking,control,2026-05-14
u0185,autoplay_next_v2,control,2026-08-03
u0186,autoplay_next_v2,control,2026-08-03
u0187,home_row_ranking,control,2026-05-11
u0187,autoplay_next_v2,control,2026-08-03
u0188,home_row_ranking,treatment,2026-05-11
u0188,autoplay_next_v2,control,2026-08-04
u0189,autoplay_next_v2,treatment,2026-08-05
u0190,autoplay_next_v2,treatment,2026-08-05
u0191,autoplay_next_v2,control,2026-08-04
u0192,autoplay_next_v2,control,2026-08-05
u0193,home_row_ranking,treatment,2026-05-16
u0193,autoplay_next_v2,treatment,2026-08-03
u0194,home_row_ranking,treatment,2026-05-13
u0194,autoplay_next_v2,control,2026-08-05
u0195,autoplay_next_v2,treatment,2026-08-05
u0196,autoplay_next_v2,control,2026-08-03
u0197,autoplay_next_v2,treatment,2026-08-05
u0198,autoplay_next_v2,treatment,2026-08-05
u0199,autoplay_next_v2,treatment,2026-08-05
u0200,home_row_ranking,control,2026-05-12
u0200,autoplay_next_v2,control,2026-08-05
u0201,home_row_ranking,treatment,2026-05-11
u0201,autoplay_next_v2,treatment,2026-08-05
u0202,autoplay_next_v2,control,2026-08-05
u0203,home_row_ranking,treatment,2026-05-16
u0203,autoplay_next_v2,control,2026-08-04
u0204,autoplay_next_v2,treatment,2026-08-04
u0205,autoplay_next_v2,treatment,2026-08-03
u0206,autoplay_next_v2,control,2026-08-05
u0207,autoplay_next_v2,control,2026-08-03
u0208,home_row_ranking,control,2026-05-16
u0208,autoplay_next_v2,treatment,2026-08-05
u0209,autoplay_next_v2,control,2026-08-04
u0210,home_row_ranking,control,2026-05-12
u0210,autoplay_next_v2,treatment,2026-08-04
u0211,home_row_ranking,control,2026-05-12
u0211,autoplay_next_v2,control,2026-08-05
u0212,home_row_ranking,treatment,2026-05-16
u0212,autoplay_next_v2,treatment,2026-08-05
u0213,autoplay_next_v2,treatment,2026-08-04
u0214,autoplay_next_v2,treatment,2026-08-03
u0215,autoplay_next_v2,treatment,2026-08-05
u0216,home_row_ranking,control,2026-05-12
u0216,autoplay_next_v2,control,2026-08-05
u0217,autoplay_next_v2,control,2026-08-05
u0218,home_row_ranking,treatment,2026-05-12
u0218,autoplay_next_v2,treatment,2026-08-05
u0219,autoplay_next_v2,treatment,2026-08-03
u0220,home_row_ranking,control,2026-05-17
u0220,autoplay_next_v2,control,2026-08-04
u0221,home_row_ranking,control,2026-05-17
u0221,autoplay_next_v2,treatment,2026-08-05
u0222,home_row_ranking,treatment,2026-05-13
u0222,autoplay_next_v2,treatment,2026-08-03
u0223,autoplay_next_v2,treatment,2026-08-04
u0224,home_row_ranking,treatment,2026-05-12
u0224,autoplay_next_v2,control,2026-08-05
u0225,home_row_ranking,control,2026-05-15
u0225,autoplay_next_v2,treatment,2026-08-04
u0226,autoplay_next_v2,treatment,2026-08-05
u0227,home_row_ranking,control,2026-05-15
u0227,autoplay_next_v2,control,2026-08-04
u0229,home_row_ranking,control,2026-05-14
u0229,autoplay_next_v2,control,2026-08-04
u0230,home_row_ranking,control,2026-05-13
u0230,autoplay_next_v2,treatment,2026-08-05
u0231,autoplay_next_v2,control,2026-08-05
u0232,autoplay_next_v2,treatment,2026-08-04
u0233,home_row_ranking,treatment,2026-05-13
u0234,home_row_ranking,treatment,2026-05-12
u0234,autoplay_next_v2,treatment,2026-08-04
u0235,autoplay_next_v2,control,2026-08-04
u0236,home_row_ranking,treatment,2026-05-11
u0236,autoplay_next_v2,treatment,2026-08-04
u0237,home_row_ranking,treatment,2026-05-13
u0238,autoplay_next_v2,treatment,2026-08-04
u0239,autoplay_next_v2,control,2026-08-04
u0240,home_row_ranking,treatment,2026-05-15
u0241,home_row_ranking,treatment,2026-05-13
u0241,autoplay_next_v2,control,2026-08-03
u0242,autoplay_next_v2,control,2026-08-05
u0243,autoplay_next_v2,treatment,2026-08-05
u0244,autoplay_next_v2,control,2026-08-04
u0245,autoplay_next_v2,treatment,2026-08-05
u0246,autoplay_next_v2,control,2026-08-03
u0247,autoplay_next_v2,treatment,2026-08-04
u0248,autoplay_next_v2,treatment,2026-08-03
u0249,autoplay_next_v2,treatment,2026-08-04
u0250,autoplay_next_v2,treatment,2026-08-03
u0251,autoplay_next_v2,control,2026-08-05
u0252,home_row_ranking,treatment,2026-05-12
u0252,autoplay_next_v2,control,2026-08-04
u0253,autoplay_next_v2,control,2026-08-04
u0255,home_row_ranking,control,2026-05-17
u0255,autoplay_next_v2,control,2026-08-05
u0256,home_row_ranking,control,2026-05-16
u0256,autoplay_next_v2,control,2026-08-05
u0257,autoplay_next_v2,treatment,2026-08-03
u0258,autoplay_next_v2,treatment,2026-08-04
u0259,home_row_ranking,control,2026-05-14
u0259,autoplay_next_v2,control,2026-08-05
u0260,autoplay_next_v2,control,2026-08-03
u0261,home_row_ranking,control,2026-05-15
u0262,home_row_ranking,control,2026-05-15
u0262,autoplay_next_v2,control,2026-08-05
u0263,home_row_ranking,control,2026-05-13
u0263,autoplay_next_v2,treatment,2026-08-03
u0264,home_row_ranking,treatment,2026-05-11
u0264,autoplay_next_v2,control,2026-08-04
u0265,home_row_ranking,treatment,2026-05-14
u0265,autoplay_next_v2,control,2026-08-04
u0266,home_row_ranking,control,2026-05-16
u0266,autoplay_next_v2,treatment,2026-08-05
u0267,home_row_ranking,control,2026-05-16
u0267,autoplay_next_v2,treatment,2026-08-04
u0269,autoplay_next_v2,control,2026-08-05
u0270,autoplay_next_v2,control,2026-08-03
u0271,home_row_ranking,control,2026-05-17
u0271,autoplay_next_v2,control,2026-08-03
u0272,autoplay_next_v2,control,2026-08-05
u0273,autoplay_next_v2,control,2026-08-05
u0274,home_row_ranking,treatment,2026-05-16
u0274,autoplay_next_v2,control,2026-08-05
u0275,autoplay_next_v2,treatment,2026-08-05
u0276,autoplay_next_v2,control,2026-08-04
u0277,autoplay_next_v2,control,2026-08-05
u0278,autoplay_next_v2,control,2026-08-04
u0279,home_row_ranking,treatment,2026-05-17
u0279,autoplay_next_v2,control,2026-08-04
u0280,home_row_ranking,treatment,2026-05-13
u0280,autoplay_next_v2,treatment,2026-08-05
u0282,autoplay_next_v2,treatment,2026-08-04
u0283,home_row_ranking,control,2026-05-12
u0283,autoplay_next_v2,control,2026-08-03
u0284,home_row_ranking,treatment,2026-05-16
u0285,home_row_ranking,treatment,2026-05-13
u0286,autoplay_next_v2,control,2026-08-03
u0287,home_row_ranking,treatment,2026-05-14
u0287,autoplay_next_v2,treatment,2026-08-03
u0288,home_row_ranking,control,2026-05-14
u0288,autoplay_next_v2,treatment,2026-08-05
u0289,autoplay_next_v2,control,2026-08-04
u0291,autoplay_next_v2,treatment,2026-08-03
u0292,autoplay_next_v2,treatment,2026-08-04
u0293,autoplay_next_v2,treatment,2026-08-04
u0294,autoplay_next_v2,treatment,2026-08-05
u0295,autoplay_next_v2,treatment,2026-08-03
u0296,autoplay_next_v2,control,2026-08-04
u0297,home_row_ranking,control,2026-05-13
u0297,autoplay_next_v2,treatment,2026-08-04
u0298,home_row_ranking,treatment,2026-05-12
u0298,autoplay_next_v2,treatment,2026-08-05
u0299,autoplay_next_v2,treatment,2026-08-05
u0300,autoplay_next_v2,control,2026-08-03
u0301,autoplay_next_v2,control,2026-08-04
u0302,autoplay_next_v2,treatment,2026-08-03
u0303,home_row_ranking,control,2026-05-14
u0303,autoplay_next_v2,treatment,2026-08-04
u0304,home_row_ranking,treatment,2026-05-16
u0304,autoplay_next_v2,control,2026-08-05
u0305,autoplay_next_v2,control,2026-08-03
u0306,autoplay_next_v2,treatment,2026-08-05
u0307,autoplay_next_v2,control,2026-08-05
u0308,autoplay_next_v2,treatment,2026-08-05
u0309,home_row_ranking,control,2026-05-17
u0309,autoplay_next_v2,treatment,2026-08-03
u0310,autoplay_next_v2,control,2026-08-04
u0311,autoplay_next_v2,treatment,2026-08-05
u0312,autoplay_next_v2,control,2026-08-05
u0313,autoplay_next_v2,treatment,2026-08-04
u0314,autoplay_next_v2,treatment,2026-08-04
u0315,home_row_ranking,control,2026-05-15
u0315,autoplay_next_v2,control,2026-08-05
u0316,home_row_ranking,control,2026-05-14
u0316,autoplay_next_v2,control,2026-08-03
u0317,home_row_ranking,treatment,2026-05-11
u0317,autoplay_next_v2,control,2026-08-03
u0318,autoplay_next_v2,treatment,2026-08-04
u0320,home_row_ranking,control,2026-05-12
u0320,autoplay_next_v2,treatment,2026-08-03
u0321,home_row_ranking,treatment,2026-05-16
u0321,autoplay_next_v2,treatment,2026-08-03
u0322,autoplay_next_v2,treatment,2026-08-05
u0323,autoplay_next_v2,control,2026-08-05
u0324,home_row_ranking,treatment,2026-05-13
u0324,autoplay_next_v2,treatment,2026-08-05
u0325,autoplay_next_v2,treatment,2026-08-04
u0326,autoplay_next_v2,control,2026-08-03
u0327,autoplay_next_v2,control,2026-08-03
u0328,autoplay_next_v2,control,2026-08-04
u0329,autoplay_next_v2,treatment,2026-08-04
u0330,home_row_ranking,control,2026-05-15
u0330,autoplay_next_v2,treatment,2026-08-05
u0331,autoplay_next_v2,treatment,2026-08-03
u0332,autoplay_next_v2,control,2026-08-04
u0333,home_row_ranking,treatment,2026-05-16
u0333,autoplay_next_v2,treatment,2026-08-03
u0334,autoplay_next_v2,control,2026-08-05
u0335,home_row_ranking,control,2026-05-11
u0335,autoplay_next_v2,control,2026-08-04
u0336,home_row_ranking,control,2026-05-14
u0337,home_row_ranking,treatment,2026-05-12
u0337,autoplay_next_v2,control,2026-08-05
u0338,autoplay_next_v2,control,2026-08-03
u0339,autoplay_next_v2,treatment,2026-08-04
u0340,autoplay_next_v2,control,2026-08-03
u0341,home_row_ranking,control,2026-05-11
u0341,autoplay_next_v2,treatment,2026-08-05
u0342,autoplay_next_v2,treatment,2026-08-05
u0343,autoplay_next_v2,treatment,2026-08-04
u0344,autoplay_next_v2,control,2026-08-03
u0345,autoplay_next_v2,control,2026-08-04
u0346,autoplay_next_v2,treatment,2026-08-05
u0347,home_row_ranking,control,2026-05-12
u0348,autoplay_next_v2,treatment,2026-08-04
u0349,autoplay_next_v2,control,2026-08-03
u0350,autoplay_next_v2,control,2026-08-04
u0351,home_row_ranking,control,2026-05-11
u0351,autoplay_next_v2,control,2026-08-04
u0352,home_row_ranking,control,2026-05-14
u0352,autoplay_next_v2,treatment,2026-08-04
u0353,autoplay_next_v2,control,2026-08-04
u0354,home_row_ranking,control,2026-05-15
u0354,autoplay_next_v2,treatment,2026-08-05
u0355,home_row_ranking,control,2026-05-16
u0355,autoplay_next_v2,control,2026-08-04
u0356,autoplay_next_v2,treatment,2026-08-04
u0357,autoplay_next_v2,control,2026-08-05
u0358,autoplay_next_v2,treatment,2026-08-03
u0359,autoplay_next_v2,treatment,2026-08-03
u0360,autoplay_next_v2,treatment,2026-08-03
u0361,autoplay_next_v2,control,2026-08-04
u0362,home_row_ranking,control,2026-05-11
u0362,autoplay_next_v2,treatment,2026-08-03
u0363,autoplay_next_v2,control,2026-08-03
u0364,home_row_ranking,control,2026-05-12
u0364,autoplay_next_v2,control,2026-08-03
u0365,home_row_ranking,control,2026-05-13
u0365,autoplay_next_v2,control,2026-08-03
u0366,home_row_ranking,treatment,2026-05-16
u0366,autoplay_next_v2,treatment,2026-08-05
u0368,home_row_ranking,treatment,2026-05-15
u0368,autoplay_next_v2,control,2026-08-03
u0369,autoplay_next_v2,treatment,2026-08-03
u0370,autoplay_next_v2,treatment,2026-08-03
u0371,home_row_ranking,control,2026-05-15
u0371,autoplay_next_v2,control,2026-08-04
u0372,autoplay_next_v2,control,2026-08-03
u0373,home_row_ranking,control,2026-05-16
u0373,autoplay_next_v2,treatment,2026-08-03
u0374,home_row_ranking,treatment,2026-05-16
u0374,autoplay_next_v2,control,2026-08-04
u0375,home_row_ranking,control,2026-05-13
u0375,autoplay_next_v2,treatment,2026-08-05
u0376,home_row_ranking,control,2026-05-14
u0376,autoplay_next_v2,control,2026-08-03
u0377,autoplay_next_v2,control,2026-08-04
u0378,autoplay_next_v2,treatment,2026-08-04
u0381,home_row_ranking,control,2026-05-13
u0381,autoplay_next_v2,treatment,2026-08-03
u0382,autoplay_next_v2,treatment,2026-08-03
u0383,autoplay_next_v2,treatment,2026-08-04
u0385,autoplay_next_v2,treatment,2026-08-05
u0386,home_row_ranking,control,2026-05-11
u0386,autoplay_next_v2,control,2026-08-04
u0387,autoplay_next_v2,control,2026-08-04
u0388,home_row_ranking,control,2026-05-13
u0389,autoplay_next_v2,treatment,2026-08-04
u0390,autoplay_next_v2,treatment,2026-08-05
u0391,autoplay_next_v2,treatment,2026-08-03
u0392,home_row_ranking,control,2026-05-12
u0393,home_row_ranking,treatment,2026-05-15
u0393,autoplay_next_v2,control,2026-08-04
u0394,autoplay_next_v2,control,2026-08-05
u0395,autoplay_next_v2,control,2026-08-05
u0396,autoplay_next_v2,control,2026-08-05
u0397,autoplay_next_v2,treatment,2026-08-05
u0398,home_row_ranking,control,2026-05-11
u0398,autoplay_next_v2,control,2026-08-05
u0399,home_row_ranking,treatment,2026-05-12
u0399,autoplay_next_v2,control,2026-08-05
u0400,home_row_ranking,control,2026-05-11
u0400,autoplay_next_v2,control,2026-08-04
u0401,autoplay_next_v2,treatment,2026-08-03
u0402,home_row_ranking,treatment,2026-05-13
u0402,autoplay_next_v2,treatment,2026-08-04
u0403,home_row_ranking,control,2026-05-15
u0403,autoplay_next_v2,control,2026-08-03
u0405,home_row_ranking,treatment,2026-05-14
u0405,autoplay_next_v2,treatment,2026-08-03
u0406,autoplay_next_v2,control,2026-08-03
u0407,autoplay_next_v2,control,2026-08-05
u0408,autoplay_next_v2,treatment,2026-08-05
u0409,autoplay_next_v2,treatment,2026-08-04
u0410,autoplay_next_v2,control,2026-08-05
u0411,autoplay_next_v2,control,2026-08-05
u0412,home_row_ranking,treatment,2026-05-12
u0412,autoplay_next_v2,treatment,2026-08-03
u0413,autoplay_next_v2,control,2026-08-03
u0414,home_row_ranking,control,2026-05-17
u0414,autoplay_next_v2,control,2026-08-05
u0415,home_row_ranking,control,2026-05-16
u0415,autoplay_next_v2,treatment,2026-08-05
u0416,autoplay_next_v2,treatment,2026-08-05
u0417,autoplay_next_v2,control,2026-08-05
u0418,autoplay_next_v2,treatment,2026-08-05
u0419,home_row_ranking,control,2026-05-14
u0419,autoplay_next_v2,control,2026-08-04
u0420,autoplay_next_v2,control,2026-08-05
u0421,home_row_ranking,control,2026-05-11
u0421,autoplay_next_v2,control,2026-08-04
u0422,home_row_ranking,control,2026-05-12
u0422,autoplay_next_v2,treatment,2026-08-04
u0423,home_row_ranking,treatment,2026-05-15
u0423,autoplay_next_v2,control,2026-08-03
u0425,autoplay_next_v2,treatment,2026-08-03
u0426,autoplay_next_v2,control,2026-08-03
u0427,home_row_ranking,treatment,2026-05-17
u0427,autoplay_next_v2,treatment,2026-08-05
u0428,home_row_ranking,control,2026-05-12
u0428,autoplay_next_v2,treatment,2026-08-03
u0429,home_row_ranking,control,2026-05-15
u0429,autoplay_next_v2,control,2026-08-05
u0430,autoplay_next_v2,control,2026-08-03
u0431,autoplay_next_v2,control,2026-08-05
u0432,home_row_ranking,treatment,2026-05-15
u0432,autoplay_next_v2,control,2026-08-03
u0433,home_row_ranking,control,2026-05-17
u0433,autoplay_next_v2,treatment,2026-08-05
u0434,autoplay_next_v2,treatment,2026-08-04
u0436,autoplay_next_v2,control,2026-08-03
u0437,home_row_ranking,control,2026-05-15
u0437,autoplay_next_v2,control,2026-08-04
u0438,autoplay_next_v2,treatment,2026-08-05
u0439,home_row_ranking,control,2026-05-14
u0439,autoplay_next_v2,treatment,2026-08-03
u0440,home_row_ranking,control,2026-05-12
u0441,home_row_ranking,control,2026-05-13
u0441,autoplay_next_v2,control,2026-08-04
u0442,autoplay_next_v2,treatment,2026-08-05
u0443,home_row_ranking,treatment,2026-05-11
u0443,autoplay_next_v2,control,2026-08-05
u0444,home_row_ranking,treatment,2026-05-15
u0444,autoplay_next_v2,control,2026-08-03
u0445,autoplay_next_v2,control,2026-08-05
u0446,autoplay_next_v2,control,2026-08-04
u0447,autoplay_next_v2,treatment,2026-08-03
u0448,autoplay_next_v2,control,2026-08-05
u0449,home_row_ranking,treatment,2026-05-14
u0449,autoplay_next_v2,treatment,2026-08-03
u0450,home_row_ranking,treatment,2026-05-12
u0450,autoplay_next_v2,treatment,2026-08-03
u0451,autoplay_next_v2,treatment,2026-08-04
u0452,autoplay_next_v2,control,2026-08-05
u0453,autoplay_next_v2,control,2026-08-03
u0454,home_row_ranking,control,2026-05-11
u0454,autoplay_next_v2,control,2026-08-05
u0455,home_row_ranking,control,2026-05-12
u0455,autoplay_next_v2,treatment,2026-08-03
u0457,autoplay_next_v2,control,2026-08-04
u0458,autoplay_next_v2,control,2026-08-04
u0459,home_row_ranking,control,2026-05-16
u0459,autoplay_next_v2,treatment,2026-08-03
u0460,autoplay_next_v2,control,2026-08-04
u0461,autoplay_next_v2,control,2026-08-05
u0462,home_row_ranking,treatment,2026-05-12
u0462,autoplay_next_v2,control,2026-08-05
u0463,home_row_ranking,control,2026-05-17
u0463,autoplay_next_v2,control,2026-08-04
u0464,home_row_ranking,control,2026-05-15
u0464,autoplay_next_v2,control,2026-08-05
u0465,autoplay_next_v2,control,2026-08-03
u0466,home_row_ranking,control,2026-05-14
u0466,autoplay_next_v2,treatment,2026-08-04
u0467,autoplay_next_v2,control,2026-08-03
u0468,autoplay_next_v2,treatment,2026-08-03
u0469,autoplay_next_v2,treatment,2026-08-03
u0471,home_row_ranking,control,2026-05-16
u0471,autoplay_next_v2,treatment,2026-08-03
u0472,home_row_ranking,control,2026-05-11
u0472,autoplay_next_v2,control,2026-08-05
u0473,home_row_ranking,treatment,2026-05-13
u0473,autoplay_next_v2,treatment,2026-08-04
u0474,home_row_ranking,control,2026-05-12
u0474,autoplay_next_v2,control,2026-08-03
u0475,autoplay_next_v2,control,2026-08-05
u0476,home_row_ranking,treatment,2026-05-14
u0476,autoplay_next_v2,control,2026-08-03
u0477,autoplay_next_v2,treatment,2026-08-03
u0478,autoplay_next_v2,control,2026-08-04
u0479,autoplay_next_v2,control,2026-08-05
u0480,autoplay_next_v2,treatment,2026-08-03
u0481,autoplay_next_v2,treatment,2026-08-05
u0482,home_row_ranking,treatment,2026-05-15
u0482,autoplay_next_v2,control,2026-08-05
u0484,home_row_ranking,treatment,2026-05-13
u0484,autoplay_next_v2,treatment,2026-08-03
u0485,autoplay_next_v2,control,2026-08-05
u0486,home_row_ranking,treatment,2026-05-16
u0487,home_row_ranking,control,2026-05-17
u0487,autoplay_next_v2,treatment,2026-08-04
u0488,autoplay_next_v2,treatment,2026-08-05
u0489,autoplay_next_v2,treatment,2026-08-05
u0490,home_row_ranking,treatment,2026-05-15
u0490,autoplay_next_v2,control,2026-08-03
u0491,home_row_ranking,control,2026-05-12
u0491,autoplay_next_v2,treatment,2026-08-05
u0493,autoplay_next_v2,control,2026-08-04
u0494,home_row_ranking,control,2026-05-13
u0495,autoplay_next_v2,treatment,2026-08-05
u0496,home_row_ranking,treatment,2026-05-12
u0496,autoplay_next_v2,control,2026-08-05
u0497,autoplay_next_v2,treatment,2026-08-04
u0498,autoplay_next_v2,treatment,2026-08-03
u0499,autoplay_next_v2,treatment,2026-08-04
u0500,autoplay_next_v2,treatment,2026-08-04
u0501,home_row_ranking,control,2026-05-12
u0501,autoplay_next_v2,control,2026-08-05
u0502,home_row_ranking,control,2026-05-16
u0502,autoplay_next_v2,treatment,2026-08-05
u0503,autoplay_next_v2,treatment,2026-08-04
u0505,autoplay_next_v2,control,2026-08-04
u0506,home_row_ranking,control,2026-05-14
u0506,autoplay_next_v2,control,2026-08-03
u0507,home_row_ranking,treatment,2026-05-14
u0507,autoplay_next_v2,control,2026-08-03
u0508,autoplay_next_v2,control,2026-08-04
u0509,autoplay_next_v2,treatment,2026-08-05
u0510,autoplay_next_v2,control,2026-08-05
u0511,autoplay_next_v2,control,2026-08-03
u0512,home_row_ranking,treatment,2026-05-17
u0512,autoplay_next_v2,control,2026-08-05
u0513,autoplay_next_v2,treatment,2026-08-03
u0514,home_row_ranking,control,2026-05-15
u0515,autoplay_next_v2,control,2026-08-04
u0516,home_row_ranking,control,2026-05-11
u0516,autoplay_next_v2,control,2026-08-03
u0517,autoplay_next_v2,control,2026-08-04
u0518,home_row_ranking,control,2026-05-11
u0518,autoplay_next_v2,treatment,2026-08-04
u0519,home_row_ranking,treatment,2026-05-16
u0520,autoplay_next_v2,control,2026-08-05
u0521,home_row_ranking,control,2026-05-17
u0521,autoplay_next_v2,control,2026-08-04
u0522,autoplay_next_v2,control,2026-08-05
u0523,autoplay_next_v2,control,2026-08-05
u0524,home_row_ranking,control,2026-05-12
u0524,autoplay_next_v2,treatment,2026-08-04
u0525,home_row_ranking,control,2026-05-16
u0525,autoplay_next_v2,control,2026-08-03
u0526,autoplay_next_v2,control,2026-08-05
u0527,autoplay_next_v2,control,2026-08-05
u0528,home_row_ranking,control,2026-05-12
u0528,autoplay_next_v2,control,2026-08-04
u0529,home_row_ranking,treatment,2026-05-15
u0529,autoplay_next_v2,control,2026-08-03
u0530,home_row_ranking,control,2026-05-17
u0530,autoplay_next_v2,control,2026-08-04
u0531,autoplay_next_v2,treatment,2026-08-04
u0532,autoplay_next_v2,treatment,2026-08-03
u0533,home_row_ranking,treatment,2026-05-15
u0533,autoplay_next_v2,control,2026-08-04
u0534,autoplay_next_v2,treatment,2026-08-04
u0535,home_row_ranking,control,2026-05-14
u0535,autoplay_next_v2,treatment,2026-08-03
u0536,home_row_ranking,control,2026-05-14
u0536,autoplay_next_v2,treatment,2026-08-04
u0538,home_row_ranking,control,2026-05-16
u0538,autoplay_next_v2,control,2026-08-05
u0539,autoplay_next_v2,treatment,2026-08-05
u0540,home_row_ranking,treatment,2026-05-17
u0540,autoplay_next_v2,treatment,2026-08-03
u0541,autoplay_next_v2,treatment,2026-08-05
u0542,home_row_ranking,treatment,2026-05-13
u0545,autoplay_next_v2,control,2026-08-05
u0546,home_row_ranking,control,2026-05-11
u0546,autoplay_next_v2,control,2026-08-04
u0547,home_row_ranking,control,2026-05-15
u0547,autoplay_next_v2,treatment,2026-08-05
u0548,autoplay_next_v2,treatment,2026-08-04
u0549,autoplay_next_v2,treatment,2026-08-04
u0551,autoplay_next_v2,control,2026-08-04
u0552,home_row_ranking,control,2026-05-11
u0553,home_row_ranking,control,2026-05-14
u0554,autoplay_next_v2,treatment,2026-08-03
u0555,home_row_ranking,control,2026-05-16
u0555,autoplay_next_v2,control,2026-08-03
u0556,autoplay_next_v2,control,2026-08-04
u0557,home_row_ranking,treatment,2026-05-16
u0558,home_row_ranking,control,2026-05-11
u0558,autoplay_next_v2,treatment,2026-08-03
u0559,autoplay_next_v2,control,2026-08-03
u0560,autoplay_next_v2,control,2026-08-04
u0561,home_row_ranking,control,2026-05-17
u0562,home_row_ranking,control,2026-05-14
u0562,autoplay_next_v2,control,2026-08-04
u0563,home_row_ranking,treatment,2026-05-14
u0563,autoplay_next_v2,treatment,2026-08-03
u0564,home_row_ranking,treatment,2026-05-17
u0564,autoplay_next_v2,control,2026-08-05
u0565,autoplay_next_v2,treatment,2026-08-05
u0566,home_row_ranking,control,2026-05-12
u0566,autoplay_next_v2,treatment,2026-08-05
u0567,autoplay_next_v2,treatment,2026-08-05
u0568,autoplay_next_v2,control,2026-08-03
u0569,home_row_ranking,treatment,2026-05-11
u0569,autoplay_next_v2,treatment,2026-08-04
u0570,autoplay_next_v2,treatment,2026-08-05
u0571,home_row_ranking,treatment,2026-05-16
u0571,autoplay_next_v2,treatment,2026-08-04
u0574,home_row_ranking,treatment,2026-05-12
u0574,autoplay_next_v2,control,2026-08-05
u0575,autoplay_next_v2,control,2026-08-04
u0576,home_row_ranking,treatment,2026-05-12
u0576,autoplay_next_v2,treatment,2026-08-04
u0577,autoplay_next_v2,control,2026-08-05
u0578,home_row_ranking,control,2026-05-15
u0579,home_row_ranking,treatment,2026-05-16
u0579,autoplay_next_v2,control,2026-08-03
u0580,home_row_ranking,treatment,2026-05-13
u0580,autoplay_next_v2,treatment,2026-08-03
u0581,autoplay_next_v2,control,2026-08-03
u0583,autoplay_next_v2,treatment,2026-08-04
u0584,autoplay_next_v2,control,2026-08-04
u0585,autoplay_next_v2,control,2026-08-04
u0586,home_row_ranking,treatment,2026-05-15
u0586,autoplay_next_v2,treatment,2026-08-04
u0587,autoplay_next_v2,treatment,2026-08-03
u0588,autoplay_next_v2,control,2026-08-04
u0589,home_row_ranking,treatment,2026-05-14
u0589,autoplay_next_v2,control,2026-08-04
u0590,autoplay_next_v2,treatment,2026-08-05
u0591,home_row_ranking,control,2026-05-11
u0591,autoplay_next_v2,treatment,2026-08-04
u0592,autoplay_next_v2,control,2026-08-03
u0593,autoplay_next_v2,treatment,2026-08-04
u0594,home_row_ranking,treatment,2026-05-15
u0594,autoplay_next_v2,treatment,2026-08-03
u0595,home_row_ranking,treatment,2026-05-13
u0595,autoplay_next_v2,treatment,2026-08-03
u0596,autoplay_next_v2,treatment,2026-08-04
u0598,autoplay_next_v2,control,2026-08-04
u0599,home_row_ranking,treatment,2026-05-15
u0599,autoplay_next_v2,control,2026-08-04
u0600,autoplay_next_v2,treatment,2026-08-03
u0601,home_row_ranking,treatment,2026-05-15
u0601,autoplay_next_v2,treatment,2026-08-04
u0602,autoplay_next_v2,treatment,2026-08-05
u0603,autoplay_next_v2,control,2026-08-04
u0604,autoplay_next_v2,control,2026-08-03
u0605,home_row_ranking,treatment,2026-05-15
u0605,autoplay_next_v2,control,2026-08-05
u0606,autoplay_next_v2,control,2026-08-03
u0607,autoplay_next_v2,treatment,2026-08-05
u0608,home_row_ranking,treatment,2026-05-11
u0608,autoplay_next_v2,treatment,2026-08-05
u0609,home_row_ranking,control,2026-05-14
u0609,autoplay_next_v2,treatment,2026-08-05
u0610,home_row_ranking,control,2026-05-16
u0611,home_row_ranking,control,2026-05-15
u0612,home_row_ranking,treatment,2026-05-13
u0612,autoplay_next_v2,control,2026-08-03
u0613,home_row_ranking,treatment,2026-05-14
u0613,autoplay_next_v2,control,2026-08-03
u0614,home_row_ranking,treatment,2026-05-17
u0614,autoplay_next_v2,treatment,2026-08-04
u0615,home_row_ranking,treatment,2026-05-13
u0615,autoplay_next_v2,control,2026-08-03
u0616,home_row_ranking,treatment,2026-05-13
u0616,autoplay_next_v2,treatment,2026-08-03
u0617,autoplay_next_v2,control,2026-08-03
u0618,autoplay_next_v2,control,2026-08-05
u0619,home_row_ranking,control,2026-05-14
u0619,autoplay_next_v2,treatment,2026-08-04
u0620,home_row_ranking,treatment,2026-05-15
u0620,autoplay_next_v2,treatment,2026-08-05
u0621,autoplay_next_v2,treatment,2026-08-03
u0622,home_row_ranking,control,2026-05-17
u0622,autoplay_next_v2,treatment,2026-08-03
u0623,autoplay_next_v2,control,2026-08-04
u0624,home_row_ranking,control,2026-05-12
u0624,autoplay_next_v2,control,2026-08-05
u0625,autoplay_next_v2,treatment,2026-08-04
u0626,autoplay_next_v2,treatment,2026-08-04
u0627,autoplay_next_v2,control,2026-08-05
u0628,autoplay_next_v2,control,2026-08-04
u0629,autoplay_next_v2,treatment,2026-08-03
u0630,autoplay_next_v2,control,2026-08-05
u0631,autoplay_next_v2,control,2026-08-05
u0633,autoplay_next_v2,treatment,2026-08-05
u0634,autoplay_next_v2,treatment,2026-08-03
u0635,home_row_ranking,treatment,2026-05-12
u0635,autoplay_next_v2,control,2026-08-05
u0636,home_row_ranking,control,2026-05-14
u0636,autoplay_next_v2,control,2026-08-05
u0637,autoplay_next_v2,treatment,2026-08-03
u0638,autoplay_next_v2,control,2026-08-05
u0639,autoplay_next_v2,treatment,2026-08-03
u0640,autoplay_next_v2,treatment,2026-08-03
u0641,home_row_ranking,treatment,2026-05-15
u0641,autoplay_next_v2,treatment,2026-08-05
u0642,home_row_ranking,control,2026-05-13
u0642,autoplay_next_v2,treatment,2026-08-04
u0643,autoplay_next_v2,control,2026-08-03
u0644,autoplay_next_v2,control,2026-08-05
u0645,autoplay_next_v2,treatment,2026-08-03
u0647,autoplay_next_v2,control,2026-08-04
u0648,autoplay_next_v2,treatment,2026-08-05
u0649,home_row_ranking,treatment,2026-05-11
u0650,autoplay_next_v2,control,2026-08-03
u0651,autoplay_next_v2,treatment,2026-08-04
u0652,autoplay_next_v2,treatment,2026-08-04
u0654,autoplay_next_v2,treatment,2026-08-04
u0655,home_row_ranking,treatment,2026-05-14
u0655,autoplay_next_v2,control,2026-08-04
u0656,autoplay_next_v2,control,2026-08-05
u0657,autoplay_next_v2,treatment,2026-08-03
u0658,home_row_ranking,treatment,2026-05-17
u0658,autoplay_next_v2,treatment,2026-08-05
u0659,home_row_ranking,treatment,2026-05-17
u0659,autoplay_next_v2,treatment,2026-08-03
u0660,autoplay_next_v2,treatment,2026-08-03
u0661,autoplay_next_v2,control,2026-08-03
u0662,home_row_ranking,treatment,2026-05-11
u0662,autoplay_next_v2,treatment,2026-08-05
u0663,home_row_ranking,treatment,2026-05-17
u0663,autoplay_next_v2,control,2026-08-05
u0664,autoplay_next_v2,treatment,2026-08-04
u0665,autoplay_next_v2,treatment,2026-08-04
u0666,autoplay_next_v2,control,2026-08-04
u0667,autoplay_next_v2,treatment,2026-08-05
u0668,autoplay_next_v2,treatment,2026-08-05
u0669,home_row_ranking,control,2026-05-15
u0669,autoplay_next_v2,control,2026-08-05
u0670,home_row_ranking,treatment,2026-05-15
u0670,autoplay_next_v2,treatment,2026-08-04
u0671,autoplay_next_v2,treatment,2026-08-03
u0672,autoplay_next_v2,control,2026-08-05
u0673,autoplay_next_v2,control,2026-08-04
u0674,home_row_ranking,treatment,2026-05-13
u0674,autoplay_next_v2,control,2026-08-03
u0675,home_row_ranking,treatment,2026-05-17
u0675,autoplay_next_v2,control,2026-08-03
u0676,home_row_ranking,treatment,2026-05-15
u0676,autoplay_next_v2,control,2026-08-05
u0677,home_row_ranking,treatment,2026-05-16
u0677,autoplay_next_v2,treatment,2026-08-04
u0678,autoplay_next_v2,control,2026-08-05
u0679,autoplay_next_v2,treatment,2026-08-04
u0680,home_row_ranking,treatment,2026-05-12
u0680,autoplay_next_v2,treatment,2026-08-05
u0681,autoplay_next_v2,control,2026-08-04
u0682,home_row_ranking,treatment,2026-05-17
u0682,autoplay_next_v2,treatment,2026-08-05
u0683,autoplay_next_v2,control,2026-08-05
u0684,autoplay_next_v2,control,2026-08-04
u0686,home_row_ranking,control,2026-05-15
u0686,autoplay_next_v2,treatment,2026-08-03
u0687,autoplay_next_v2,treatment,2026-08-04
u0688,home_row_ranking,control,2026-05-13
u0688,autoplay_next_v2,treatment,2026-08-04
u0689,autoplay_next_v2,control,2026-08-04
u0690,autoplay_next_v2,treatment,2026-08-04
u0691,home_row_ranking,control,2026-05-11
u0691,autoplay_next_v2,treatment,2026-08-05
u0692,autoplay_next_v2,control,2026-08-03
u0693,home_row_ranking,treatment,2026-05-16
u0694,autoplay_next_v2,treatment,2026-08-04
u0695,autoplay_next_v2,control,2026-08-03
u0697,autoplay_next_v2,control,2026-08-05
u0698,home_row_ranking,treatment,2026-05-15
u0698,autoplay_next_v2,treatment,2026-08-03
u0699,autoplay_next_v2,control,2026-08-03
u0700,autoplay_next_v2,treatment,2026-08-04
u0701,home_row_ranking,treatment,2026-05-14
u0701,autoplay_next_v2,treatment,2026-08-03
u0702,home_row_ranking,control,2026-05-16
u0702,autoplay_next_v2,control,2026-08-04
u0703,home_row_ranking,control,2026-05-12
u0703,autoplay_next_v2,control,2026-08-03
u0704,autoplay_next_v2,control,2026-08-03
u0705,home_row_ranking,treatment,2026-05-12
u0705,autoplay_next_v2,treatment,2026-08-05
u0706,autoplay_next_v2,control,2026-08-05
u0707,autoplay_next_v2,control,2026-08-05
u0709,autoplay_next_v2,treatment,2026-08-03
u0710,autoplay_next_v2,treatment,2026-08-03
u0711,autoplay_next_v2,treatment,2026-08-03
u0714,autoplay_next_v2,treatment,2026-08-04
u0715,autoplay_next_v2,treatment,2026-08-03
u0716,autoplay_next_v2,treatment,2026-08-05
u0717,autoplay_next_v2,treatment,2026-08-03
u0718,home_row_ranking,treatment,2026-05-14
u0718,autoplay_next_v2,treatment,2026-08-05
u0719,autoplay_next_v2,treatment,2026-08-03
u0720,home_row_ranking,treatment,2026-05-15
u0720,autoplay_next_v2,control,2026-08-04
u0721,home_row_ranking,treatment,2026-05-13
u0721,autoplay_next_v2,control,2026-08-05
u0722,autoplay_next_v2,treatment,2026-08-05
u0723,autoplay_next_v2,control,2026-08-05
u0724,autoplay_next_v2,treatment,2026-08-05
u0725,autoplay_next_v2,control,2026-08-04
u0726,home_row_ranking,control,2026-05-17
u0726,autoplay_next_v2,control,2026-08-05
u0727,autoplay_next_v2,treatment,2026-08-05
u0729,home_row_ranking,treatment,2026-05-15
u0730,home_row_ranking,treatment,2026-05-16
u0731,autoplay_next_v2,treatment,2026-08-04
u0732,autoplay_next_v2,control,2026-08-03
u0733,home_row_ranking,control,2026-05-17
u0733,autoplay_next_v2,control,2026-08-04
u0734,home_row_ranking,control,2026-05-16
u0734,autoplay_next_v2,control,2026-08-04
u0735,home_row_ranking,treatment,2026-05-15
u0735,autoplay_next_v2,control,2026-08-04
u0736,autoplay_next_v2,treatment,2026-08-05
u0737,home_row_ranking,treatment,2026-05-17
u0737,autoplay_next_v2,control,2026-08-04
u0738,autoplay_next_v2,control,2026-08-05
u0739,autoplay_next_v2,control,2026-08-05
u0740,autoplay_next_v2,treatment,2026-08-04
u0741,home_row_ranking,treatment,2026-05-14
u0741,autoplay_next_v2,control,2026-08-05
u0742,home_row_ranking,control,2026-05-15
u0742,autoplay_next_v2,control,2026-08-03
u0743,autoplay_next_v2,control,2026-08-04
u0744,autoplay_next_v2,treatment,2026-08-03
u0745,autoplay_next_v2,control,2026-08-03
u0746,autoplay_next_v2,treatment,2026-08-04
u0747,autoplay_next_v2,control,2026-08-04
u0748,home_row_ranking,control,2026-05-17
u0748,autoplay_next_v2,control,2026-08-04
u0750,home_row_ranking,treatment,2026-05-11
u0750,autoplay_next_v2,control,2026-08-05
