user_id,plan,is_trial,status,started_at,cancelled_at
u0001,basic,false,active,2025-04-16,
u0002,Basic,false,active,2026-05-03,
u0003,Basic,false,active,2026-05-07,
u0004,standard,false,active,2026-01-22,
u0005,standard,false,active,2026-04-01,
u0006,basic,false,active,2025-12-16,
u0007,standard,false,active,2025-08-25,
u0008,premium,false,active,2026-02-05,
u0009,basic,false,active,2025-05-06,
u0010,standard,false,active,2026-04-16,
u0011,basic,false,active,2025-08-12,
u0012,Premium,false,active,2026-05-22,
u0013,premium,false,active,2025-10-16,
u0014,Premium,false,active,2026-05-12,
u0015,basic,false,active,2025-03-17,
u0016,premium,false,active,2026-01-11,
u0017,basic,false,active,2025-02-05,
u0018,standard,false,active,2026-01-17,
u0019,premium,false,active,2026-04-07,
u0020,basic,false,active,2025-06-09,
u0021,basic,false,active,2025-08-23,
u0022,Premium,false,active,2026-05-24,
u0023,Standard,false,active,2026-06-05,
u0024,standard,false,active,2026-04-20,
u0025,standard,false,active,2025-05-03,
u0026,standard,false,active,2026-01-02,
u0027,premium,false,active,2025-11-30,
u0028,standard,false,active,2025-07-05,
u0029,premium,false,active,2025-10-03,
u0030,basic,false,active,2025-10-08,
u0031,standard,false,active,2025-02-23,
u0032,basic,false,active,2025-03-27,
u0033,basic,false,active,2025-01-18,
u0034,basic,false,cancelled,2025-06-29,2026-06-06
u0035,basic,false,active,2025-07-15,
u0036,basic,false,active,2025-07-08,
u0037,basic,false,active,2025-05-18,
u0038,standard,false,active,2025-02-27,
u0039,standard,false,active,2025-12-09,
u0040,standard,false,cancelled,2025-02-27,2026-06-24
u0041,basic,false,active,2025-01-08,
u0042,standard,false,active,2025-11-28,
u0043,standard,false,active,2026-01-24,
u0044,standard,false,active,2025-11-30,
u0045,basic,false,active,2025-06-20,
u0046,basic,false,active,2025-05-07,
u0047,basic,false,active,2025-09-10,
u0048,standard,false,cancelled,2025-12-23,2026-04-07
u0049,standard,false,active,2025-07-21,
u0050,basic,false,active,2025-03-12,
u0051,Standard,false,active,2026-06-05,
u0052,basic,false,active,2025-12-31,
u0053,basic,false,active,2025-11-20,
u0054,standard,false,active,2026-01-11,
u0055,premium,false,active,2025-08-04,
u0056,basic,false,active,2025-07-25,
u0057,Basic,false,active,2026-06-04,
u0058,premium,false,active,2025-05-17,
u0059,premium,false,active,2025-06-21,
u0060,standard,false,active,2026-04-27,
u0061,basic,false,active,2025-10-23,
u0062,premium,false,active,2026-02-27,
u0063,basic,false,active,2025-09-14,
u0064,standard,false,active,2025-11-01,
u0065,basic,false,active,2026-04-26,
u0066,Premium,false,active,2026-07-02,
u0067,Basic,false,active,2026-06-04,
u0068,basic,false,active,2025-11-20,
u0069,basic,false,active,2025-01-16,
u0070,basic,false,active,2025-05-22,
u0071,basic,false,active,2026-03-22,
u0072,standard,false,active,2025-06-24,
u0073,standard,false,active,2025-11-01,
u0074,premium,false,cancelled,2026-04-19,2026-06-16
u0075,standard,false,active,2026-02-13,
u0076,basic,false,active,2025-08-07,
u0077,Standard,false,active,2026-06-11,
u0078,premium,false,active,2025-06-14,
u0079,premium,false,active,2025-04-22,
u0080,standard,false,active,2025-02-08,
u0081,standard,false,active,2025-11-08,
u0082,standard,false,active,2025-02-06,
u0083,standard,false,active,2025-01-01,
u0084,basic,false,cancelled,2026-01-05,2026-04-01
u0085,standard,false,active,2026-02-22,
u0086,basic,false,active,2026-04-14,
u0087,basic,false,active,2026-04-25,
u0088,basic,false,active,2025-03-16,
u0089,Standard,false,active,2026-05-06,
u0090,basic,false,active,2025-08-27,
u0091,basic,false,active,2025-02-14,
u0092,basic,false,active,2025-08-18,
u0093,premium,false,cancelled,2025-08-14,2026-03-10
u0094,standard,false,active,2025-03-28,
u0095,Premium,false,active,2026-06-10,
u0096,Premium,false,active,2026-05-09,
u0097,basic,false,active,2026-03-25,
u0098,standard,false,active,2025-12-16,
u0099,premium,false,active,2026-02-25,
u0100,basic,false,active,2025-10-08,
u0101,basic,false,active,2025-03-06,
u0102,basic,false,active,2025-09-05,
u0103,premium,false,active,2025-11-26,
u0104,basic,false,active,2026-01-16,
u0105,Basic,false,active,2026-05-24,
u0106,premium,false,active,2025-11-14,
u0107,basic,false,cancelled,2026-04-01,2026-05-01
u0108,premium,false,cancelled,2025-06-30,2026-05-06
u0109,premium,false,active,2026-01-23,
u0110,basic,false,active,2025-08-10,
u0111,premium,false,active,2026-02-28,
u0112,premium,false,active,2026-02-12,
u0113,standard,false,active,2025-06-27,
u0114,Basic,false,cancelled,2026-06-11,2026-04-02
u0115,premium,false,active,2025-01-25,
u0116,standard,false,active,2025-08-30,
u0117,basic,false,active,2025-09-16,
u0118,basic,false,active,2025-02-24,
u0119,standard,false,active,2025-12-08,
u0120,basic,false,active,2025-02-25,
u0121,basic,false,active,2026-03-17,
u0122,standard,false,active,2025-06-30,
u0123,basic,false,active,2026-02-01,
u0124,Basic,false,active,2026-05-03,
u0125,basic,false,active,2025-06-09,
u0126,Basic,false,active,2026-06-05,
u0127,premium,false,cancelled,2025-11-20,2026-05-12
u0128,premium,false,active,2026-01-18,
u0129,basic,false,active,2025-11-11,
u0130,Standard,false,active,2026-05-07,
u0131,Basic,false,active,2026-07-02,
u0132,Standard,false,active,2026-05-14,
u0133,basic,false,active,2025-04-06,
u0134,premium,false,active,2026-01-25,
u0135,premium,false,active,2025-09-08,
u0136,premium,false,active,2026-01-13,
u0137,Basic,false,active,2026-05-02,
u0138,basic,false,active,2025-03-08,
u0139,standard,false,active,2025-12-27,
u0140,Premium,false,active,2026-05-07,
u0141,Premium,false,active,2026-06-05,
u0142,standard,false,cancelled,2025-08-07,2026-04-09
u0143,basic,false,cancelled,2026-04-16,2026-03-08
u0144,premium,false,cancelled,2025-07-27,2026-06-06
u0145,standard,false,active,2025-03-17,
u0146,basic,false,active,2025-02-28,
u0147,standard,false,active,2025-09-19,
u0148,premium,false,active,2025-02-02,
u0149,basic,false,active,2025-04-10,
u0150,standard,false,active,2025-02-08,
u0151,standard,false,active,2025-05-30,
u0152,Basic,false,active,2026-05-28,
u0153,Basic,false,active,2026-05-26,
u0154,Standard,false,active,2026-06-16,
u0155,Standard,false,active,2026-06-15,
u0156,basic,false,active,2025-12-31,
u0157,premium,false,active,2025-07-27,
u0158,premium,false,active,2025-09-12,
u0159,basic,false,active,2026-03-08,
u0160,premium,false,active,2025-04-23,
u0161,standard,false,active,2025-11-14,
u0162,standard,false,active,2025-10-31,
u0163,premium,false,active,2025-04-25,
u0164,premium,false,active,2025-06-25,
u0165,basic,false,active,2025-10-29,
u0166,Basic,false,active,2026-05-10,
u0167,standard,false,cancelled,2025-07-31,2026-06-08
u0168,basic,false,active,2025-08-07,
u0169,standard,false,active,2026-02-24,
u0170,standard,false,active,2026-03-11,
u0171,basic,false,active,2025-04-05,
u0172,standard,false,active,2025-01-18,
u0173,standard,false,active,2025-02-24,
u0174,premium,false,active,2025-03-17,
u0175,Basic,false,active,2026-06-09,
u0176,Basic,false,active,2026-05-18,
u0177,basic,false,active,2025-07-25,
u0178,basic,false,active,2025-07-02,
u0179,Standard,false,active,2026-07-03,
u0180,premium,false,active,2025-10-08,
u0181,standard,false,active,2025-09-16,
u0182,standard,false,active,2026-03-28,
u0183,standard,false,active,2025-04-15,
u0184,standard,false,active,2026-04-20,
u0185,Basic,false,active,2026-06-20,
u0186,Standard,false,active,2026-05-17,
u0187,standard,false,active,2025-05-09,
u0188,Premium,false,active,2026-06-27,
u0189,Premium,false,active,2026-05-18,
u0190,basic,false,active,2025-05-03,
u0191,standard,false,active,2025-11-22,
u0192,basic,false,active,2026-02-18,
u0193,basic,false,active,2025-11-06,
u0194,premium,false,active,2025-03-24,
u0195,standard,false,active,2025-10-06,
u0196,standard,false,active,2025-03-26,
u0197,premium,false,active,2026-04-18,
u0198,premium,false,active,2026-01-26,
u0199,premium,false,active,2026-01-25,
u0200,standard,false,active,2025-10-15,
u0201,standard,false,active,2025-02-15,
u0202,standard,false,active,2026-03-18,
u0203,standard,false,active,2025-09-07,
u0204,basic,false,active,2026-03-07,
u0205,basic,false,active,2026-01-10,
u0206,standard,false,active,2025-04-12,
u0207,standard,false,active,2026-03-30,
u0208,standard,false,active,2025-10-15,
u0209,standard,false,active,2025-07-27,
u0210,standard,false,active,2025-02-21,
u0211,Standard,false,active,2026-06-07,
u0212,basic,false,active,2025-05-14,
u0213,basic,false,active,2025-01-19,
u0214,premium,false,active,2025-07-06,
u0215,basic,false,active,2025-10-21,
u0216,Basic,false,active,2026-06-12,
u0217,standard,false,active,2025-12-23,
u0218,standard,false,active,2025-12-20,
u0219,basic,false,active,2025-02-24,
u0220,premium,false,active,2026-03-31,
u0221,basic,false,active,2026-02-10,
u0222,standard,false,active,2025-06-05,
u0223,standard,false,active,2025-05-26,
u0224,standard,false,active,2025-07-26,
u0225,basic,false,active,2025-03-30,
u0226,basic,false,active,2025-11-30,
u0227,standard,false,active,2025-04-13,
u0228,premium,false,cancelled,2025-07-10,2026-06-28
u0229,standard,false,active,2026-02-25,
u0230,premium,false,active,2025-07-07,
u0231,standard,false,active,2026-04-08,
u0232,standard,false,active,2026-02-28,
u0233,premium,false,cancelled,2026-01-23,2026-04-11
u0234,Standard,false,active,2026-05-24,
u0235,basic,false,active,2025-12-21,
u0236,basic,false,active,2026-01-10,
u0237,Basic,false,cancelled,2026-06-02,2026-06-08
u0238,Basic,false,active,2026-06-23,
u0239,basic,false,active,2025-03-17,
u0240,basic,false,cancelled,2026-03-21,2026-05-26
u0241,basic,false,active,2026-01-14,
u0242,basic,false,active,2026-01-02,
u0243,basic,false,active,2025-07-31,
u0244,standard,false,active,2025-09-29,
u0245,basic,false,active,2026-02-15,
u0246,basic,false,active,2025-11-07,
u0247,Standard,false,active,2026-05-29,
u0248,standard,false,active,2025-12-15,
u0249,basic,false,active,2025-01-28,
u0250,Basic,false,active,2026-05-09,
u0251,premium,false,active,2025-01-21,
u0252,standard,false,active,2026-02-19,
u0253,basic,false,active,2025-01-01,
u0254,basic,false,cancelled,2025-07-28,2026-05-25
u0255,basic,false,active,2025-02-25,
u0256,basic,false,active,2025-03-17,
u0257,basic,false,active,2025-03-18,
u0258,premium,false,active,2026-03-24,
u0259,basic,false,active,2025-12-20,
u0260,standard,false,active,2025-07-11,
u0261,premium,false,cancelled,2025-04-30,2026-06-02
u0262,Basic,false,active,2026-06-24,
u0263,basic,false,active,2025-10-09,
u0264,standard,false,active,2026-01-25,
u0265,basic,false,active,2025-07-20,
u0266,basic,false,active,2025-09-15,
u0267,basic,false,active,2026-02-17,
u0268,basic,false,cancelled,2025-09-07,2026-05-14
u0269,standard,false,active,2025-12-11,
u0270,basic,false,active,2025-11-11,
u0271,Basic,false,active,2026-05-14,
u0272,Premium,false,active,2026-06-20,
u0273,premium,false,active,2025-05-01,
u0274,premium,false,active,2026-01-21,
u0275,premium,false,active,2025-11-21,
u0276,Standard,false,active,2026-06-07,
u0277,basic,false,active,2025-10-11,
u0278,standard,false,active,2025-03-11,
u0279,Premium,false,active,2026-05-01,
u0280,standard,false,active,2026-04-17,
u0281,Basic,false,cancelled,2026-05-31,2026-06-01
u0282,basic,false,active,2025-01-27,
u0283,premium,false,active,2025-11-13,
u0284,standard,false,cancelled,2025-11-26,2026-04-14
u0285,basic,false,cancelled,2025-06-14,2026-03-22
u0286,standard,false,active,2025-01-11,
u0287,basic,false,active,2025-04-16,
u0288,Standard,false,active,2026-05-20,
u0289,standard,false,active,2026-03-27,
u0290,premium,false,cancelled,2025-07-27,2026-06-25
u0291,basic,false,active,2025-01-31,
u0292,basic,false,active,2025-03-15,
u0293,standard,false,active,2025-07-18,
u0294,Basic,false,active,2026-05-03,
u0295,basic,false,active,2025-08-05,
u0296,standard,false,active,2025-10-04,
u0297,basic,false,active,2026-01-06,
u0298,basic,false,active,2026-03-13,
u0299,Basic,false,active,2026-06-13,
u0300,basic,false,active,2026-04-14,
u0301,basic,false,active,2025-01-26,
u0302,basic,false,active,2026-04-15,
u0303,premium,false,active,2025-12-07,
u0304,standard,false,active,2025-04-15,
u0305,premium,false,active,2025-12-11,
u0306,standard,false,active,2026-02-18,
u0307,standard,false,active,2025-03-15,
u0308,basic,false,active,2026-02-12,
u0309,Standard,false,active,2026-06-11,
u0310,Premium,false,active,2026-06-30,
u0311,basic,false,active,2025-04-05,
u0312,standard,false,active,2025-07-30,
u0313,premium,false,active,2026-01-21,
u0314,standard,false,active,2025-07-31,
u0315,Standard,false,active,2026-05-13,
u0316,basic,false,active,2025-02-20,
u0317,basic,false,active,2025-10-08,
u0318,basic,false,active,2026-01-15,
u0319,premium,false,cancelled,2025-03-13,2026-03-27
u0320,basic,false,active,2025-01-21,
u0321,premium,false,active,2025-01-16,
u0322,standard,false,active,2025-04-19,
u0323,standard,false,active,2025-12-08,
u0324,standard,false,active,2025-06-25,
u0325,Basic,false,active,2026-06-09,
u0326,standard,false,active,2025-06-20,
u0327,standard,false,active,2025-05-15,
u0328,standard,false,active,2026-04-05,
u0329,basic,false,active,2026-02-23,
u0330,basic,false,active,2025-03-20,
u0331,standard,false,active,2026-03-11,
u0332,standard,false,active,2025-03-28,
u0333,standard,false,active,2025-10-12,
u0334,standard,false,active,2025-07-22,
u0335,Standard,false,active,2026-06-09,
u0336,Basic,false,cancelled,2026-05-06,2026-04-23
u0337,premium,false,active,2025-10-28,
u0338,basic,false,active,2025-12-24,
u0339,standard,false,active,2026-01-01,
u0340,basic,false,active,2026-02-10,
u0341,premium,false,active,2025-04-12,
u0342,premium,false,active,2026-01-17,
u0343,basic,false,active,2025-09-27,
u0344,standard,false,active,2025-04-13,
u0345,standard,false,active,2025-10-15,
u0346,standard,false,active,2025-05-09,
u0347,standard,false,cancelled,2026-03-22,2026-03-30
u0348,basic,false,active,2025-04-09,
u0349,premium,false,active,2025-05-01,
u0350,standard,false,active,2026-04-17,
u0351,premium,false,active,2025-01-30,
u0352,premium,false,active,2025-03-17,
u0353,standard,false,active,2025-09-26,
u0354,basic,false,active,2025-08-01,
u0355,premium,false,active,2025-11-19,
u0356,basic,false,active,2025-01-10,
u0357,premium,false,active,2025-08-16,
u0358,basic,false,active,2025-05-18,
u0359,Standard,false,active,2026-06-29,
u0360,premium,false,active,2025-05-03,
u0361,premium,false,active,2025-01-29,
u0362,basic,false,active,2025-05-14,
u0363,premium,false,active,2025-05-18,
u0364,Standard,false,active,2026-06-24,
u0365,standard,false,active,2025-06-16,
u0366,premium,false,active,2026-01-23,
u0367,standard,false,cancelled,2025-11-23,2026-05-23
u0368,standard,false,active,2025-02-03,
u0369,premium,false,active,2025-05-13,
u0370,basic,false,active,2025-11-02,
u0371,standard,false,active,2025-07-31,
u0372,standard,false,active,2025-07-17,
u0373,standard,false,active,2025-12-26,
u0374,basic,false,active,2025-09-30,
u0375,premium,false,active,2025-02-27,
u0376,standard,false,active,2025-02-18,
u0377,basic,false,active,2025-06-14,
u0378,standard,false,active,2025-05-23,
u0379,Basic,false,cancelled,2026-06-10,2026-05-08
u0380,premium,false,cancelled,2025-08-29,2026-04-30
u0381,premium,false,active,2025-11-23,
u0382,premium,false,active,2025-11-20,
u0383,premium,false,active,2025-03-07,
u0384,standard,false,cancelled,2025-07-10,2026-06-18
u0385,basic,false,active,2025-09-27,
u0386,standard,false,active,2025-01-26,
u0387,premium,false,active,2025-06-19,
u0388,basic,false,cancelled,2025-01-17,2026-03-12
u0389,Standard,false,active,2026-05-30,
u0390,premium,false,active,2025-04-20,
u0391,Basic,false,active,2026-05-19,
u0392,Basic,false,cancelled,2026-06-26,2026-04-11
u0393,basic,false,active,2025-08-17,
u0394,basic,false,active,2025-12-02,
u0395,standard,false,active,2026-03-21,
u0396,basic,false,active,2025-03-20,
u0397,standard,false,active,2025-07-22,
u0398,basic,false,active,2025-09-23,
u0399,standard,false,active,2025-07-15,
u0400,basic,false,active,2026-04-16,
u0401,basic,false,active,2025-12-20,
u0402,basic,false,active,2025-04-04,
u0403,basic,false,active,2026-02-23,
u0404,standard,false,cancelled,2025-12-10,2026-06-16
u0405,Standard,false,active,2026-06-08,
u0406,premium,false,active,2025-07-08,
u0407,premium,false,active,2025-02-04,
u0408,basic,false,active,2025-12-15,
u0409,Standard,false,active,2026-05-12,
u0410,standard,false,active,2025-02-27,
u0411,standard,false,active,2026-02-15,
u0412,standard,false,active,2025-06-20,
u0413,standard,false,active,2025-07-23,
u0414,standard,false,active,2025-10-23,
u0415,standard,false,active,2026-04-01,
u0416,basic,false,active,2025-06-25,
u0417,basic,false,active,2025-06-03,
u0418,basic,false,active,2025-08-20,
u0419,standard,false,active,2025-10-11,
u0420,standard,false,active,2025-09-21,
u0421,basic,false,active,2025-04-10,
u0422,Basic,false,active,2026-06-21,
u0423,basic,false,active,2025-01-06,
u0424,Basic,false,cancelled,2026-05-03,2026-05-01
u0425,standard,false,active,2025-09-01,
u0426,standard,false,active,2026-01-06,
u0427,standard,false,active,2025-03-25,
u0428,standard,false,active,2025-11-29,
u0429,premium,false,active,2026-03-29,
u0430,basic,false,active,2025-02-04,
u0431,basic,false,active,2025-11-21,
u0432,standard,false,active,2026-04-20,
u0433,basic,false,active,2025-06-02,
u0434,basic,false,active,2026-02-11,
u0435,basic,false,cancelled,2025-10-31,2026-04-13
u0436,premium,false,active,2026-04-25,
u0437,premium,false,active,2025-06-25,
u0438,premium,false,active,2025-09-30,
u0439,premium,false,active,2025-11-18,
u0440,standard,false,cancelled,2025-06-18,2026-03-28
u0441,premium,false,active,2025-07-20,
u0442,premium,false,active,2026-01-23,
u0443,Premium,false,active,2026-05-14,
u0444,standard,false,active,2025-05-04,
u0445,basic,false,active,2025-02-24,
u0446,Standard,false,active,2026-06-20,
u0447,basic,false,active,2025-09-26,
u0448,standard,false,active,2025-01-24,
u0449,standard,false,active,2025-10-02,
u0450,basic,false,active,2026-04-10,
u0451,Basic,false,active,2026-05-19,
u0452,Standard,false,active,2026-06-30,
u0453,standard,false,active,2025-10-17,
u0454,standard,false,active,2025-11-06,
u0455,basic,false,active,2025-11-04,
u0456,standard,false,cancelled,2025-11-06,2026-06-03
u0457,premium,false,active,2025-08-25,
u0458,basic,false,active,2025-08-22,
u0459,standard,false,active,2025-09-29,
u0460,basic,false,active,2025-02-02,
u0461,standard,false,active,2026-02-09,
u0462,Basic,false,active,2026-06-13,
u0463,basic,false,active,2025-10-04,
u0464,premium,false,active,2025-10-21,
u0465,premium,false,active,2025-05-30,
u0466,basic,false,active,2026-02-19,
u0467,basic,false,active,2025-05-29,
u0468,standard,false,active,2026-04-03,
u0469,basic,false,active,2025-04-15,
u0470,basic,false,cancelled,2025-01-15,2026-06-08
u0471,Premium,false,active,2026-05-23,
u0472,basic,false,active,2025-04-16,
u0473,Premium,false,active,2026-05-31,
u0474,standard,false,active,2025-05-22,
u0475,basic,false,active,2026-02-05,
u0476,standard,false,active,2025-11-06,
u0477,basic,false,active,2026-03-11,
u0478,premium,false,active,2026-01-29,
u0479,premium,false,active,2026-02-04,
u0480,premium,false,active,2025-10-20,
u0481,standard,false,active,2025-05-23,
u0482,standard,false,active,2025-11-13,
u0483,standard,false,cancelled,2026-04-29,2026-03-09
u0484,Premium,false,active,2026-05-02,
u0485,standard,false,active,2026-03-01,
u0486,standard,false,cancelled,2026-04-03,2026-03-24
u0487,premium,false,active,2025-09-22,
u0488,basic,false,active,2025-09-05,
u0489,premium,false,active,2025-03-21,
u0490,standard,false,active,2025-12-31,
u0491,Standard,false,active,2026-05-05,
u0492,basic,false,cancelled,2026-03-02,2026-05-11
u0493,standard,false,active,2025-03-18,
u0494,basic,false,cancelled,2025-08-21,2026-06-28
u0495,basic,false,active,2025-03-28,
u0496,basic,false,active,2026-01-10,
u0497,premium,false,active,2025-11-10,
u0498,standard,false,active,2026-01-26,
u0499,basic,false,active,2025-07-28,
u0500,Standard,false,active,2026-06-18,
u0501,premium,false,active,2025-12-02,
u0502,standard,false,active,2025-01-30,
u0503,basic,false,active,2025-08-22,
u0504,premium,false,cancelled,2025-01-31,2026-05-11
u0505,basic,false,active,2025-08-28,
u0506,premium,false,active,2025-08-09,
u0507,Basic,false,active,2026-07-04,
u0508,standard,false,active,2025-11-13,
u0509,Premium,false,active,2026-05-25,
u0510,basic,false,active,2025-06-27,
u0511,standard,false,active,2025-03-27,
u0512,standard,false,active,2026-03-16,
u0513,standard,false,active,2025-02-19,
u0514,premium,false,cancelled,2025-12-12,2026-04-23
u0515,standard,false,active,2026-01-17,
u0516,Basic,false,active,2026-05-23,
u0517,standard,false,active,2026-01-23,
u0518,standard,false,active,2025-09-15,
u0519,standard,false,cancelled,2025-09-21,2026-04-06
u0520,Standard,false,active,2026-07-04,
u0521,premium,false,active,2025-10-24,
u0522,basic,false,active,2025-11-05,
u0523,premium,false,active,2025-04-22,
u0524,basic,false,active,2025-04-24,
u0525,basic,false,active,2025-01-12,
u0526,premium,false,active,2025-05-18,
u0527,basic,false,active,2025-03-11,
u0528,standard,false,active,2025-02-02,
u0529,standard,false,active,2025-01-11,
u0530,basic,false,active,2025-03-18,
u0531,basic,false,active,2025-12-25,
u0532,basic,false,active,2026-01-24,
u0533,basic,false,active,2025-12-04,
u0534,standard,false,active,2025-09-29,
u0535,standard,false,active,2025-07-18,
u0536,basic,false,active,2025-08-29,
u0537,standard,false,cancelled,2025-04-16,2026-03-13
u0538,Premium,false,active,2026-06-29,
u0539,basic,false,active,2025-02-26,
u0540,basic,false,active,2025-07-31,
u0541,standard,false,active,2025-09-22,
u0542,standard,false,cancelled,2026-03-02,2026-05-23
u0543,standard,false,cancelled,2025-09-12,2026-04-23
u0544,basic,false,cancelled,2026-03-22,2026-05-23
u0545,premium,false,active,2025-08-26,
u0546,standard,false,active,2025-07-24,
u0547,basic,false,active,2025-02-09,
u0548,premium,false,active,2025-07-12,
u0549,premium,false,active,2025-07-19,
u0550,premium,false,cancelled,2025-03-16,2026-03-25
u0551,standard,false,active,2025-11-03,
u0552,basic,false,cancelled,2025-04-09,2026-06-07
u0553,premium,false,cancelled,2025-12-17,2026-06-15
u0554,standard,false,active,2025-12-26,
u0555,Premium,false,active,2026-06-21,
u0556,basic,false,active,2026-02-11,
u0557,Basic,false,cancelled,2026-05-05,2026-06-29
u0558,basic,false,active,2025-09-30,
u0559,basic,false,active,2025-07-06,
u0560,standard,false,active,2026-01-01,
u0561,basic,false,cancelled,2025-11-14,2026-06-02
u0562,standard,false,active,2025-12-10,
u0563,standard,false,active,2026-01-27,
u0564,standard,false,active,2025-09-18,
u0565,basic,false,active,2025-05-23,
u0566,basic,false,active,2026-02-11,
u0567,premium,false,active,2026-01-08,
u0568,basic,false,active,2025-10-17,
u0569,standard,false,active,2025-05-15,
u0570,standard,false,active,2025-09-14,
u0571,premium,false,active,2025-06-29,
u0572,basic,false,cancelled,2026-04-01,2026-04-11
u0573,Standard,false,cancelled,2026-06-15,2026-04-01
u0574,Basic,false,active,2026-05-25,
u0575,basic,false,active,2025-09-18,
u0576,standard,false,active,2025-01-10,
u0577,Standard,false,active,2026-05-26,
u0578,standard,false,cancelled,2025-10-20,2026-03-19
u0579,premium,false,active,2025-06-13,
u0580,basic,false,active,2026-01-29,
u0581,basic,false,active,2025-11-09,
u0582,basic,false,cancelled,2025-01-06,2026-06-11
u0583,basic,false,active,2025-09-19,
u0584,premium,false,active,2025-12-14,
u0585,standard,false,active,2025-02-17,
u0586,basic,false,active,2026-04-20,
u0587,basic,false,active,2025-02-24,
u0588,Basic,false,active,2026-06-16,
u0589,standard,false,active,2025-02-21,
u0590,standard,false,active,2025-04-29,
u0591,standard,false,active,2025-10-18,
u0592,basic,false,active,2025-09-27,
u0593,Basic,false,active,2026-05-29,
u0594,Premium,false,active,2026-05-02,
u0595,basic,false,active,2025-07-12,
u0596,basic,false,active,2025-08-19,
u0597,standard,false,cancelled,2025-11-03,2026-05-31
u0598,premium,false,active,2026-03-21,
u0599,basic,false,active,2026-02-13,
u0600,standard,false,active,2025-03-16,
u0601,premium,false,active,2025-10-22,
u0602,standard,false,active,2025-02-13,
u0603,standard,false,active,2025-03-06,
u0604,basic,false,active,2025-07-11,
u0605,standard,false,active,2025-12-30,
u0606,premium,false,active,2026-02-24,
u0607,basic,false,active,2025-08-30,
u0608,basic,false,active,2025-12-10,
u0609,standard,false,active,2026-03-14,
u0610,standard,false,cancelled,2025-01-12,2026-05-28
u0611,basic,false,cancelled,2026-04-30,2026-06-21
u0612,premium,false,active,2025-09-04,
u0613,standard,false,active,2025-09-03,
u0614,standard,false,active,2025-09-22,
u0615,basic,false,active,2026-01-04,
u0616,Basic,false,active,2026-06-24,
u0617,standard,false,active,2025-04-28,
u0618,basic,false,active,2025-06-12,
u0619,standard,false,active,2026-02-07,
u0620,basic,false,active,2025-01-16,
u0621,premium,false,active,2025-12-28,
u0622,Standard,false,active,2026-05-20,
u0623,standard,false,active,2026-04-04,
u0624,basic,false,active,2025-10-30,
u0625,basic,false,active,2026-01-18,
u0626,basic,false,active,2026-04-25,
u0627,standard,false,active,2025-04-02,
u0628,basic,false,active,2025-11-01,
u0629,standard,false,active,2026-04-07,
u0630,standard,false,active,2026-02-26,
u0631,basic,false,active,2025-10-25,
u0632,basic,false,cancelled,2025-02-20,2026-05-23
u0633,Premium,false,active,2026-06-25,
u0634,Standard,false,active,2026-06-24,
u0635,basic,false,active,2025-11-03,
u0636,basic,false,active,2025-12-23,
u0637,standard,false,active,2025-11-06,
u0638,standard,false,active,2025-08-15,
u0639,standard,false,active,2025-10-23,
u0640,basic,false,active,2025-05-30,
u0641,premium,false,active,2026-01-06,
u0642,premium,false,active,2026-01-14,
u0643,basic,false,active,2025-11-20,
u0644,standard,false,active,2025-04-29,
u0645,basic,false,active,2025-01-19,
u0646,standard,false,cancelled,2026-01-22,2026-05-07
u0647,premium,false,active,2026-01-07,
u0648,basic,false,active,2025-10-09,
u0649,premium,false,cancelled,2025-11-08,2026-06-19
u0650,standard,false,active,2025-02-06,
u0651,basic,false,active,2025-11-18,
u0652,standard,false,active,2025-09-09,
u0653,Basic,false,cancelled,2026-06-10,2026-03-09
u0654,basic,false,active,2025-03-23,
u0655,Basic,false,active,2026-06-15,
u0656,standard,false,active,2025-11-29,
u0657,standard,false,active,2025-03-05,
u0658,standard,false,active,2025-03-07,
u0659,standard,false,active,2025-06-17,
u0660,basic,false,active,2025-09-14,
u0661,Standard,false,active,2026-05-18,
u0662,standard,false,active,2025-05-25,
u0663,standard,false,active,2025-07-12,
u0664,Standard,false,active,2026-05-21,
u0665,standard,false,active,2025-04-09,
u0666,basic,false,active,2026-01-07,
u0667,basic,false,active,2025-03-06,
u0668,basic,false,active,2026-03-05,
u0669,Standard,false,active,2026-06-17,
u0670,basic,false,active,2025-08-18,
u0671,standard,false,active,2025-05-12,
u0672,basic,false,active,2025-01-15,
u0673,standard,false,active,2025-09-20,
u0674,basic,false,active,2025-07-23,
u0675,standard,false,active,2026-03-14,
u0676,Basic,false,active,2026-05-03,
u0677,standard,false,active,2025-01-23,
u0678,Basic,false,active,2026-07-02,
u0679,standard,false,active,2025-10-21,
u0680,basic,false,active,2025-03-22,
u0681,Basic,false,active,2026-06-06,
u0682,basic,false,active,2025-02-02,
u0683,premium,false,active,2025-10-22,
u0684,standard,false,active,2025-11-08,
u0685,basic,false,cancelled,2025-06-18,2026-04-24
u0686,Standard,false,active,2026-07-05,
u0687,Basic,false,active,2026-05-29,
u0688,standard,false,active,2025-02-05,
u0689,standard,false,active,2025-11-16,
u0690,premium,false,active,2025-08-27,
u0691,basic,false,active,2025-11-24,
u0692,premium,false,active,2026-02-01,
u0693,standard,false,cancelled,2025-09-22,2026-04-10
u0694,standard,false,active,2025-06-28,
u0695,Standard,false,active,2026-06-27,
u0696,standard,false,cancelled,2025-12-04,2026-04-12
u0697,Standard,false,active,2026-05-26,
u0698,basic,false,active,2025-01-17,
u0699,premium,false,active,2025-11-18,
u0700,Standard,false,active,2026-05-12,
u0701,basic,false,active,2026-03-03,
u0702,Premium,false,active,2026-05-05,
u0703,basic,false,active,2026-02-08,
u0704,premium,false,active,2025-07-05,
u0705,basic,false,active,2025-05-22,
u0706,standard,false,active,2025-01-12,
u0707,basic,false,active,2025-11-02,
u0708,basic,false,cancelled,2025-09-17,2026-03-25
u0709,standard,false,active,2025-11-01,
u0710,basic,false,active,2026-01-01,
u0711,standard,false,active,2025-09-20,
u0712,basic,false,cancelled,2025-05-19,2026-05-13
u0713,standard,false,cancelled,2025-12-25,2026-06-08
u0714,standard,false,active,2025-01-20,
u0715,basic,false,active,2025-08-03,
u0716,standard,false,active,2025-12-07,
u0717,standard,false,active,2026-03-03,
u0718,basic,false,active,2025-08-28,
u0719,Premium,false,active,2026-05-04,
u0720,standard,false,active,2025-06-21,
u0721,basic,false,active,2026-01-04,
u0722,premium,false,active,2025-01-19,
u0723,standard,false,active,2025-03-11,
u0724,premium,false,active,2026-04-30,
u0725,standard,false,active,2025-03-08,
u0726,standard,false,active,2026-04-26,
u0727,standard,false,active,2025-02-19,
u0728,basic,false,cancelled,2025-02-21,2026-04-04
u0729,Premium,false,cancelled,2026-07-03,2026-04-15
u0730,standard,false,cancelled,2025-10-29,2026-05-03
u0731,basic,false,active,2025-05-04,
u0732,premium,false,active,2026-01-20,
u0733,basic,false,active,2025-01-10,
u0734,premium,false,active,2025-12-06,
u0735,premium,false,active,2026-04-21,
u0736,standard,false,active,2026-03-11,
u0737,Premium,false,active,2026-06-05,
u0738,standard,false,active,2025-10-11,
u0739,standard,false,active,2025-06-07,
u0740,basic,false,active,2025-02-13,
u0741,standard,false,active,2026-04-14,
u0742,standard,false,active,2025-07-10,
u0743,basic,false,active,2025-06-10,
u0744,basic,false,active,2026-03-27,
u0745,standard,false,active,2025-09-30,
u0746,premium,false,active,2025-01-22,
u0747,Standard,false,active,2026-06-29,
u0748,basic,false,active,2025-12-11,
u0749,standard,false,cancelled,2025-03-13,2026-03-20
u0750,standard,false,active,2026-02-10,
u0751,Basic,false,active,2026-07-11,
u0752,Basic,false,active,2026-07-11,
u0753,Premium,false,active,2026-07-06,
u0754,Basic,false,active,2026-07-07,
u0755,Basic,false,active,2026-07-09,
u0756,Standard,false,active,2026-07-08,
u0757,Basic,false,active,2026-07-08,
u0758,Standard,false,active,2026-07-07,
u0759,Basic,false,active,2026-07-06,
u0760,Basic,false,active,2026-07-10,
u0761,Basic,false,active,2026-07-07,
u0762,Standard,false,active,2026-07-08,
u0763,Premium,false,active,2026-07-17,
u0764,Standard,false,active,2026-07-14,
u0765,Standard,false,active,2026-07-18,
u0766,Standard,false,active,2026-07-17,
u0767,Standard,false,active,2026-07-18,
u0768,Standard,false,active,2026-07-17,
u0769,Standard,false,active,2026-07-13,
u0770,Standard,false,active,2026-07-19,
u0771,Premium,false,active,2026-07-19,
u0772,Standard,false,active,2026-07-13,
u0773,Basic,false,active,2026-07-15,
u0774,Basic,false,active,2026-07-13,
u0775,Premium,false,active,2026-07-25,
u0776,Standard,false,active,2026-07-23,
u0777,Standard,false,active,2026-07-20,
u0778,Premium,false,active,2026-07-25,
u0779,Basic,false,active,2026-07-20,
u0780,Standard,false,active,2026-07-24,
u0781,Basic,false,active,2026-07-24,
u0782,Basic,false,active,2026-07-21,
u0783,Standard,false,active,2026-07-26,
u0784,Basic,false,active,2026-07-21,
u0785,Standard,false,active,2026-07-25,
u0786,Standard,false,active,2026-07-23,
u0787,Premium,false,active,2026-07-27,
u0788,Standard,false,active,2026-07-27,
u0789,Standard,false,active,2026-07-30,
u0790,Standard,false,active,2026-07-28,
u0791,Standard,false,active,2026-07-29,
u0792,Basic,false,active,2026-07-28,
u0793,Standard,false,active,2026-07-31,
u0794,Basic,false,active,2026-08-02,
u0795,Basic,false,active,2026-07-31,
u0796,Premium,false,active,2026-07-31,
u0797,Standard,false,active,2026-07-29,
u0798,Standard,false,active,2026-07-27,
u0799,Premium,false,active,2026-08-04,
u0800,Standard,false,active,2026-08-06,
u0801,Basic,false,active,2026-08-03,
u0802,Standard,false,active,2026-08-09,
u0803,Basic,false,active,2026-08-03,
u0804,Premium,false,active,2026-08-03,
u0805,Standard,false,active,2026-08-05,
u0806,Premium,false,active,2026-08-04,
u0807,Standard,false,active,2026-08-09,
u0808,Standard,false,active,2026-08-08,
u0809,Premium,false,active,2026-08-06,
u0810,Premium,false,active,2026-08-08,
u0811,Standard,false,active,2026-08-11,
u0812,Standard,false,active,2026-08-16,
u0813,Standard,false,active,2026-08-15,
u0814,Basic,false,active,2026-08-14,
u0815,Basic,false,active,2026-08-11,
u0816,Standard,false,active,2026-08-10,
u0817,Standard,false,active,2026-08-16,
u0818,Standard,false,active,2026-08-12,
u0819,Premium,false,active,2026-08-15,
u0820,Standard,false,active,2026-08-13,
u0821,Standard,false,active,2026-08-15,
u0822,Basic,false,active,2026-08-16,
u0823,Basic,false,active,2026-08-17,
u0824,Basic,false,active,2026-08-17,
u0825,Standard,false,active,2026-08-20,
u0826,Basic,false,active,2026-08-20,
u0827,Basic,false,active,2026-08-20,
u0828,Standard,false,active,2026-08-23,
u0829,Basic,false,active,2026-08-21,
u0830,Basic,false,active,2026-08-19,
u0831,Basic,false,active,2026-08-22,
u0832,Standard,false,active,2026-08-22,
u0833,Basic,false,active,2026-08-21,
u0834,Standard,false,active,2026-08-20,
u0835,Basic,false,active,2026-08-24,
u0836,Standard,false,active,2026-08-24,
u0837,Standard,false,active,2026-08-27,
u0838,Basic,false,active,2026-08-28,
u0839,Premium,false,active,2026-08-26,
u0840,Premium,false,active,2026-08-26,
u0841,Basic,false,active,2026-08-27,
u0842,Basic,false,active,2026-08-28,
u0843,Basic,false,active,2026-08-30,
u0844,Standard,false,active,2026-08-24,
u0845,Standard,false,active,2026-08-29,
u0846,Basic,false,active,2026-08-28,
u0847,Basic,true,active,2026-08-05,
u0848,Premium,true,active,2026-08-05,
u0849,Basic,true,active,2026-08-05,
u0850,Basic,true,active,2026-08-03,
u0851,Standard,true,active,2026-08-05,
u0852,Standard,true,active,2026-08-05,
u0853,Standard,true,active,2026-08-07,
u0854,Premium,true,active,2026-08-03,
u0855,Standard,true,active,2026-08-07,
u0856,Basic,true,active,2026-08-09,
u0857,Basic,true,active,2026-08-06,
u0858,Standard,true,active,2026-08-04,
u0859,Standard,true,active,2026-08-06,
u0860,Standard,true,active,2026-08-04,
u0861,Standard,true,active,2026-08-04,
u0862,Standard,true,active,2026-08-05,
u0863,Standard,true,active,2026-08-08,
u0864,Basic,true,active,2026-08-05,
u0865,Basic,true,active,2026-08-07,
u0866,Basic,true,active,2026-08-05,
u0867,Standard,true,active,2026-08-03,
u0868,Basic,true,active,2026-08-03,
u0869,Standard,true,active,2026-08-05,
u0870,Standard,true,active,2026-08-04,
u0871,Basic,true,active,2026-08-07,
u0872,Standard,true,active,2026-08-03,
u0873,Standard,true,active,2026-08-06,
u0874,Basic,true,active,2026-08-06,
u0875,Basic,true,active,2026-08-06,
u0876,Premium,true,active,2026-08-04,
u0877,Basic,true,active,2026-08-08,
u0878,Basic,true,active,2026-08-03,
u0879,Standard,true,active,2026-08-09,
u0880,Standard,true,active,2026-08-03,
u0881,Premium,true,active,2026-08-04,
u0882,Standard,true,active,2026-08-07,
u0883,Basic,true,active,2026-08-09,
u0884,Standard,true,active,2026-08-03,
u0885,Standard,true,active,2026-08-05,
u0886,Basic,true,active,2026-08-08,
u0887,Basic,true,active,2026-08-05,
u0888,Standard,true,active,2026-08-09,
u0889,Standard,true,active,2026-08-09,
u0890,Standard,true,active,2026-08-03,
u0891,Standard,true,active,2026-08-09,
u0892,Basic,true,active,2026-08-08,
u0893,Premium,true,active,2026-08-04,
u0894,Standard,true,active,2026-08-05,
u0895,Premium,true,active,2026-08-06,
u0896,Standard,true,active,2026-08-03,
u0897,Premium,true,active,2026-08-06,
u0898,Standard,true,active,2026-08-04,
u0899,Standard,true,active,2026-08-06,
u0900,Basic,true,active,2026-08-06,
u0901,Standard,true,active,2026-08-08,
u0902,Standard,true,active,2026-08-15,
u0903,Basic,true,active,2026-08-10,
u0904,Standard,true,active,2026-08-15,
u0905,Basic,true,active,2026-08-13,
u0906,Basic,true,active,2026-08-11,
u0907,Standard,true,active,2026-08-10,
u0908,Basic,true,active,2026-08-12,
u0909,Standard,true,active,2026-08-10,
u0910,Standard,true,active,2026-08-16,
u0911,Basic,true,active,2026-08-15,
u0912,Standard,true,active,2026-08-10,
u0913,Basic,true,active,2026-08-15,
u0914,Basic,true,active,2026-08-12,
u0915,Premium,true,active,2026-08-14,
u0916,Standard,true,active,2026-08-13,
u0917,Premium,true,active,2026-08-12,
u0918,Basic,true,active,2026-08-10,
u0919,Standard,true,active,2026-08-15,
u0920,Standard,true,active,2026-08-12,
u0921,Premium,true,active,2026-08-10,
u0922,Premium,true,active,2026-08-11,
u0923,Basic,true,active,2026-08-13,
u0924,Standard,true,active,2026-08-16,
u0925,Standard,true,active,2026-08-15,
u0926,Basic,true,active,2026-08-14,
u0927,Premium,true,active,2026-08-14,
u0928,Premium,true,active,2026-08-10,
u0929,Standard,true,active,2026-08-10,
u0930,Premium,true,active,2026-08-12,
u0931,Standard,true,active,2026-08-16,
u0932,Premium,true,active,2026-08-12,
u0933,Basic,true,active,2026-08-15,
u0934,Basic,true,active,2026-08-16,
u0935,Basic,true,active,2026-08-14,
u0936,Standard,true,active,2026-08-16,
u0937,Premium,true,active,2026-08-13,
u0938,Standard,true,active,2026-08-11,
u0939,Basic,true,active,2026-08-10,
u0940,Standard,true,active,2026-08-16,
u0941,Premium,true,active,2026-08-13,
u0942,Standard,true,active,2026-08-11,
u0943,Standard,true,active,2026-08-10,
u0944,Basic,true,active,2026-08-12,
u0945,Basic,true,active,2026-08-10,
u0946,Standard,true,active,2026-08-12,
u0947,Premium,true,active,2026-08-15,
u0948,Premium,true,active,2026-08-10,
u0949,Basic,true,active,2026-08-15,
u0950,Premium,true,active,2026-08-15,
u0951,Basic,true,active,2026-08-12,
u0952,Premium,true,active,2026-08-11,
u0953,Basic,true,active,2026-08-13,
u0954,Standard,true,active,2026-08-14,
u0955,Standard,true,active,2026-08-13,
u0956,Standard,true,active,2026-08-14,
u0957,Basic,true,active,2026-08-13,
u0958,Basic,true,active,2026-08-12,
u0959,Standard,true,active,2026-08-13,
u0960,Standard,true,active,2026-08-11,
u0961,Basic,true,active,2026-08-14,
u0962,Standard,true,active,2026-08-12,
u0963,Basic,true,active,2026-08-13,
u0964,Basic,true,active,2026-08-12,
u0965,Basic,true,active,2026-08-15,
u0966,Standard,true,active,2026-08-10,
u0967,Premium,true,active,2026-08-11,
u0968,Standard,true,active,2026-08-12,
u0969,Premium,true,active,2026-08-10,
u0970,Standard,true,active,2026-08-12,
u0971,Standard,true,active,2026-08-15,
u0972,Standard,true,active,2026-08-12,
u0973,Premium,true,active,2026-08-15,
u0974,Standard,true,active,2026-08-15,
u0975,Basic,true,active,2026-08-16,
u0976,Standard,true,active,2026-08-12,
u0977,Premium,true,active,2026-08-17,
u0978,Standard,true,active,2026-08-23,
u0979,Standard,true,active,2026-08-19,
u0980,Premium,true,active,2026-08-17,
u0981,Standard,true,active,2026-08-19,
u0982,Standard,true,active,2026-08-22,
u0983,Basic,true,active,2026-08-20,
u0984,Standard,true,active,2026-08-17,
u0985,Basic,true,active,2026-08-19,
u0986,Premium,true,active,2026-08-21,
u0987,Premium,true,active,2026-08-21,
u0988,Basic,true,active,2026-08-20,
u0989,Standard,true,active,2026-08-21,
u0990,Premium,true,active,2026-08-20,
u0991,Standard,true,active,2026-08-21,
u0992,Standard,true,active,2026-08-17,
u0993,Premium,true,active,2026-08-23,
u0994,Standard,true,active,2026-08-17,
u0995,Premium,true,active,2026-08-18,
u0996,Standard,true,active,2026-08-19,
u0997,Premium,true,active,2026-08-17,
u0998,Standard,true,active,2026-08-20,
u0999,Standard,true,active,2026-08-17,
u1000,Basic,true,active,2026-08-17,
u1001,Premium,true,active,2026-08-20,
u1002,Standard,true,active,2026-08-23,
u1003,Basic,true,active,2026-08-18,
u1004,Premium,true,active,2026-08-22,
u1005,Premium,true,active,2026-08-19,
u1006,Premium,true,active,2026-08-23,
u1007,Standard,true,active,2026-08-21,
u1008,Standard,true,active,2026-08-17,
u1009,Standard,true,active,2026-08-18,
u1010,Standard,true,active,2026-08-22,
u1011,Basic,true,active,2026-08-23,
u1012,Standard,true,active,2026-08-20,
u1013,Premium,true,active,2026-08-20,
u1014,Basic,true,active,2026-08-21,
u1015,Standard,true,active,2026-08-17,
u1016,Basic,true,active,2026-08-20,
u1017,Premium,true,active,2026-08-19,
u1018,Premium,true,active,2026-08-23,
u1019,Basic,true,active,2026-08-22,
u1020,Standard,true,active,2026-08-22,
u1021,Premium,true,active,2026-08-21,
u1022,Basic,true,active,2026-08-19,
u1023,Basic,true,active,2026-08-23,
u1024,Basic,true,active,2026-08-18,
u1025,Basic,true,active,2026-08-20,
u1026,Standard,true,active,2026-08-18,
u1027,Basic,true,active,2026-08-18,
u1028,Basic,true,active,2026-08-23,
u1029,Basic,true,active,2026-08-20,
u1030,Premium,true,active,2026-08-18,
u1031,Basic,true,active,2026-08-17,
u1032,Standard,true,active,2026-08-23,
u1033,Basic,true,active,2026-08-22,
u1034,Basic,true,active,2026-08-19,
u1035,Basic,true,active,2026-08-20,
u1036,Standard,true,active,2026-08-19,
u1037,Standard,true,active,2026-08-18,
u1038,Standard,true,active,2026-08-21,
u1039,Standard,true,active,2026-08-17,
u1040,Basic,true,active,2026-08-17,
u1041,Standard,true,active,2026-08-18,
u1042,Standard,true,active,2026-08-18,
u1043,Premium,true,active,2026-08-20,
u1044,Basic,true,active,2026-08-22,
u1045,Premium,true,active,2026-08-18,
u1046,Standard,true,active,2026-08-20,
u1047,Premium,true,active,2026-08-23,
u1048,Standard,true,active,2026-08-19,
u1049,Basic,true,active,2026-08-22,
u1050,Standard,true,active,2026-08-18,
u1051,Standard,true,active,2026-08-21,
u1052,Premium,true,active,2026-08-19,
u1053,Basic,true,active,2026-08-21,
u1054,Premium,true,active,2026-08-23,
u1055,Basic,true,active,2026-08-20,
u1056,Standard,true,active,2026-08-20,
u1057,Standard,true,active,2026-08-21,
u1058,Basic,true,active,2026-08-20,
u1059,Standard,true,active,2026-08-18,
u1060,Premium,true,active,2026-08-22,
u1061,Standard,true,active,2026-08-19,
u1062,Standard,true,active,2026-08-29,
u1063,Standard,true,active,2026-08-28,
u1064,Basic,true,active,2026-08-28,
u1065,Premium,true,active,2026-08-25,
u1066,Standard,true,active,2026-08-28,
u1067,Standard,true,active,2026-08-25,
u1068,Premium,true,active,2026-08-27,
u1069,Basic,true,active,2026-08-28,
u1070,Premium,true,active,2026-08-27,
u1071,Premium,true,active,2026-08-28,
u1072,Premium,true,active,2026-08-25,
u1073,Premium,true,active,2026-08-25,
u1074,Standard,true,active,2026-08-25,
u1075,Basic,true,active,2026-08-24,
u1076,Standard,true,active,2026-08-27,
u1077,Basic,true,active,2026-08-28,
u1078,Basic,true,active,2026-08-25,
u1079,Basic,true,active,2026-08-29,
u1080,Premium,true,active,2026-08-26,
u1081,Premium,true,active,2026-08-27,
u1082,Premium,true,active,2026-08-30,
u1083,Standard,true,active,2026-08-25,
u1084,Standard,true,active,2026-08-30,
u1085,Standard,true,active,2026-08-28,
u1086,Premium,true,active,2026-08-25,
u1087,Basic,true,active,2026-08-30,
u1088,Standard,true,active,2026-08-26,
u1089,Standard,true,active,2026-08-26,
u1090,Basic,true,active,2026-08-27,
u1091,Standard,true,active,2026-08-28,
u1092,Standard,true,active,2026-08-27,
u1093,Standard,true,active,2026-08-30,
u1094,Standard,true,active,2026-08-28,
u1095,Premium,true,active,2026-08-28,
u1096,Standard,true,active,2026-08-29,
u1097,Basic,true,active,2026-08-29,
u1098,Premium,true,active,2026-08-29,
u1099,Basic,true,active,2026-08-27,
u1100,Basic,true,active,2026-08-30,
u1101,Standard,true,active,2026-08-25,
u1102,Premium,true,active,2026-08-26,
u1103,Standard,true,active,2026-08-25,
u1104,Basic,true,active,2026-08-24,
u1105,Standard,true,active,2026-08-30,
u1106,Standard,true,active,2026-08-25,
u1107,Basic,true,active,2026-08-27,
u1108,Basic,true,active,2026-08-27,
u1109,Basic,true,active,2026-08-26,
u1110,Standard,true,active,2026-08-26,
u1111,Basic,true,active,2026-08-25,
u1112,Standard,true,active,2026-08-30,
u1113,Basic,true,active,2026-08-26,
u1114,Basic,true,active,2026-08-28,
u1115,Basic,true,active,2026-08-28,
u1116,Premium,true,active,2026-08-27,
u1117,Basic,true,active,2026-08-29,
u1118,Standard,true,active,2026-08-25,
u1119,Premium,true,active,2026-08-29,
u1120,Premium,true,active,2026-08-24,
u1121,Basic,true,active,2026-08-27,
u1122,Basic,true,active,2026-08-27,
u1123,Basic,true,active,2026-08-25,
u1124,Premium,true,active,2026-08-30,
u1125,Standard,true,active,2026-08-28,
u1126,Standard,true,active,2026-08-24,
u1127,Standard,true,active,2026-08-24,
u1128,Standard,true,active,2026-08-29,
u1129,Standard,true,active,2026-08-30,
u1130,Standard,true,active,2026-08-24,
u1131,Standard,true,active,2026-08-28,
u1132,Standard,true,active,2026-08-29,
u1133,Standard,true,active,2026-08-24,
u1134,Standard,true,active,2026-08-24,
u1135,Standard,true,active,2026-08-29,
u1136,Basic,true,active,2026-08-25,
u1137,Premium,true,active,2026-08-24,
u1138,Standard,true,active,2026-08-30,
u1139,Standard,true,active,2026-08-27,
u1140,Standard,true,active,2026-08-28,
u1141,Standard,true,active,2026-08-26,
