user_id,signup_date,plan,region,age_band,acquisition_channel
u0001,2025-04-16,basic,US-West,45-54,paid_search
u0002,2026-05-03,Basic,US-East,35-44,organic
u0003,2026-05-07,Basic,US-West,25-34,referral
u0004,2026-01-22,standard,Canada,35-44,organic
u0005,2026-04-01,standard,Canada,35-44,referral
u0006,2025-12-16,basic,US-Central,45-54,paid_search
u0007,2025-08-25,standard,Canada,18-24,organic
u0008,2026-02-05,premium,US-West,55+,organic
u0009,2025-05-06,basic,Canada,35-44,referral
u0010,2026-04-16,standard,US-East,35-44,organic
u0011,2025-08-12,basic,US-Central,18-24,organic
u0012,2026-05-22,Premium,US-Central,45-54,organic
u0013,2025-10-16,premium,Canada,25-34,paid_search
u0014,2026-05-12,Premium,US-East,45-54,organic
u0015,2025-03-17,basic,US-West,35-44,organic
u0016,2026-01-11,premium,Canada,35-44,organic
u0017,2025-02-05,basic,US-Central,18-24,organic
u0018,2026-01-17,standard,US-Central,25-34,paid_search
u0019,2026-04-07,premium,US-Central,35-44,referral
u0020,2025-06-09,basic,Canada,45-54,paid_search
u0021,2025-08-23,basic,US-Central,25-34,organic
u0022,2026-05-24,Premium,Canada,35-44,paid_search
u0023,2026-06-05,Standard,Canada,35-44,paid_search
u0024,2026-04-20,standard,US-Central,35-44,referral
u0025,2025-05-03,standard,US-East,18-24,paid_search
u0026,2026-01-02,standard,Canada,35-44,paid_search
u0027,2025-11-30,premium,Canada,55+,paid_search
u0028,2025-07-05,standard,US-West,55+,paid_search
u0029,2025-10-03,premium,US-Central,45-54,paid_search
u0030,2025-10-08,basic,US-Central,35-44,organic
u0031,2025-02-23,standard,Canada,45-54,paid_search
u0032,2025-03-27,basic,US-Central,35-44,organic
u0033,2025-01-18,basic,US-East,35-44,organic
u0034,2025-06-29,basic,US-East,18-24,referral
u0035,2025-07-15,basic,US-Central,18-24,referral
u0036,2025-07-08,basic,US-West,35-44,paid_search
u0037,2025-05-18,basic,Canada,18-24,paid_search
u0038,2025-02-27,standard,US-Central,25-34,referral
u0039,2025-12-09,standard,Canada,55+,paid_search
u0040,2025-02-27,standard,US-Central,45-54,organic
u0041,2025-01-08,basic,US-East,55+,paid_search
u0042,2025-11-28,standard,US-Central,25-34,referral
u0043,2026-01-24,standard,US-East,18-24,referral
u0044,2025-11-30,standard,US-West,18-24,organic
u0045,2025-06-20,basic,Canada,25-34,organic
u0046,2025-05-07,basic,US-Central,18-24,organic
u0047,2025-09-10,basic,US-Central,55+,organic
u0048,2025-12-23,standard,US-West,55+,paid_search
u0049,2025-07-21,standard,US-West,45-54,paid_search
u0050,2025-03-12,basic,US-East,25-34,organic
u0051,2026-06-05,Standard,Canada,35-44,paid_search
u0052,2025-12-31,basic,US-East,25-34,organic
u0053,2025-11-20,basic,US-West,45-54,organic
u0054,2026-01-11,standard,Canada,35-44,organic
u0055,2025-08-04,premium,Canada,45-54,organic
u0056,2025-07-25,basic,US-Central,55+,organic
u0057,2026-06-04,Basic,Canada,25-34,paid_search
u0058,2025-05-17,premium,Canada,25-34,referral
u0059,2025-06-21,premium,US-Central,55+,organic
u0060,2026-04-27,standard,US-Central,55+,organic
u0061,2025-10-23,basic,US-Central,35-44,referral
u0062,2026-02-27,premium,US-Central,35-44,organic
u0063,2025-09-14,basic,Canada,45-54,paid_search
u0064,2025-11-01,standard,US-West,25-34,paid_search
u0065,2026-04-26,basic,US-East,18-24,paid_search
u0066,2026-07-02,Premium,Canada,35-44,organic
u0067,2026-06-04,Basic,US-West,18-24,organic
u0068,2025-11-20,basic,Canada,25-34,organic
u0069,2025-01-16,basic,Canada,18-24,organic
u0070,2025-05-22,basic,US-West,35-44,paid_search
u0071,2026-03-22,basic,US-East,45-54,organic
u0072,2025-06-24,standard,US-Central,55+,organic
u0073,2025-11-01,standard,Canada,45-54,paid_search
u0074,2026-04-19,premium,US-West,25-34,referral
u0075,2026-02-13,standard,US-East,18-24,organic
u0076,2025-08-07,basic,US-West,55+,organic
u0077,2026-06-11,Standard,Canada,25-34,paid_search
u0078,2025-06-14,premium,US-East,18-24,organic
u0079,2025-04-22,premium,US-West,25-34,organic
u0080,2025-02-08,standard,Canada,25-34,organic
u0081,2025-11-08,standard,Canada,35-44,paid_search
u0082,2025-02-06,standard,US-East,25-34,organic
u0083,2025-01-01,standard,US-East,25-34,referral
u0084,2026-01-05,basic,US-West,45-54,organic
u0085,2026-02-22,standard,US-West,25-34,referral
u0086,2026-04-14,basic,US-East,55+,paid_search
u0087,2026-04-25,basic,US-West,35-44,referral
u0088,2025-03-16,basic,Canada,35-44,organic
u0089,2026-05-06,Standard,US-East,35-44,paid_search
u0090,2025-08-27,basic,Canada,18-24,referral
u0091,2025-02-14,basic,Canada,55+,organic
u0092,2025-08-18,basic,US-Central,18-24,paid_search
u0093,2025-08-14,premium,US-East,45-54,paid_search
u0094,2025-03-28,standard,US-West,35-44,paid_search
u0095,2026-06-10,Premium,US-Central,45-54,organic
u0096,2026-05-09,Premium,Canada,35-44,referral
u0097,2026-03-25,basic,Canada,55+,paid_search
u0098,2025-12-16,standard,US-Central,18-24,organic
u0099,2026-02-25,premium,US-West,35-44,referral
u0100,2025-10-08,basic,US-Central,35-44,referral
u0101,2025-03-06,basic,Canada,45-54,organic
u0102,2025-09-05,basic,US-East,35-44,referral
u0103,2025-11-26,premium,US-West,45-54,paid_search
u0104,2026-01-16,basic,US-West,45-54,organic
u0105,2026-05-24,Basic,US-West,25-34,organic
u0106,2025-11-14,premium,US-West,45-54,referral
u0107,2026-04-01,basic,Canada,25-34,organic
u0108,2025-06-30,premium,US-West,25-34,organic
u0109,2026-01-23,premium,US-West,55+,organic
u0110,2025-08-10,basic,US-West,25-34,paid_search
u0111,2026-02-28,premium,US-East,35-44,referral
u0112,2026-02-12,premium,Canada,55+,organic
u0113,2025-06-27,standard,Canada,55+,organic
u0114,2026-06-11,Basic,Canada,18-24,referral
u0115,2025-01-25,premium,US-East,25-34,organic
u0116,2025-08-30,standard,US-Central,35-44,paid_search
u0117,2025-09-16,basic,US-East,55+,organic
u0118,2025-02-24,basic,US-East,25-34,paid_search
u0119,2025-12-08,standard,US-Central,18-24,organic
u0120,2025-02-25,basic,US-Central,55+,organic
u0121,2026-03-17,basic,US-West,25-34,organic
u0122,2025-06-30,standard,Canada,25-34,paid_search
u0123,2026-02-01,basic,US-East,35-44,paid_search
u0124,2026-05-03,Basic,US-West,25-34,paid_search
u0125,2025-06-09,basic,US-East,18-24,paid_search
u0126,2026-06-05,Basic,US-East,55+,organic
u0127,2025-11-20,premium,US-Central,45-54,organic
u0128,2026-01-18,premium,US-East,25-34,organic
u0129,2025-11-11,basic,US-East,45-54,paid_search
u0130,2026-05-07,Standard,US-West,25-34,organic
u0131,2026-07-02,Basic,Canada,55+,paid_search
u0132,2026-05-14,Standard,US-Central,25-34,organic
u0133,2025-04-06,basic,US-West,35-44,referral
u0134,2026-01-25,premium,US-West,35-44,paid_search
u0135,2025-09-08,premium,US-West,45-54,organic
u0136,2026-01-13,premium,US-East,45-54,paid_search
u0137,2026-05-02,Basic,US-Central,45-54,paid_search
u0138,2025-03-08,basic,Canada,45-54,referral
u0139,2025-12-27,standard,US-West,55+,organic
u0140,2026-05-07,Premium,US-Central,18-24,referral
u0141,2026-06-05,Premium,US-Central,55+,referral
u0142,2025-08-07,standard,US-Central,45-54,organic
u0143,2026-04-16,basic,US-West,35-44,referral
u0144,2025-07-27,premium,Canada,25-34,organic
u0145,2025-03-17,standard,US-East,18-24,paid_search
u0146,2025-02-28,basic,US-West,45-54,organic
u0147,2025-09-19,standard,US-East,45-54,organic
u0148,2025-02-02,premium,US-West,35-44,paid_search
u0149,2025-04-10,basic,Canada,25-34,organic
u0150,2025-02-08,standard,US-East,45-54,paid_search
u0151,2025-05-30,standard,Canada,25-34,organic
u0152,2026-05-28,Basic,US-West,55+,organic
u0153,2026-05-26,Basic,Canada,35-44,organic
u0154,2026-06-16,Standard,US-West,45-54,organic
u0155,2026-06-15,Standard,US-West,55+,organic
u0156,2025-12-31,basic,US-Central,25-34,organic
u0157,2025-07-27,premium,Canada,35-44,organic
u0158,2025-09-12,premium,Canada,55+,organic
u0159,2026-03-08,basic,Canada,18-24,organic
u0160,2025-04-23,premium,US-Central,25-34,paid_search
u0161,2025-11-14,standard,US-West,18-24,organic
u0162,2025-10-31,standard,US-Central,18-24,referral
u0163,2025-04-25,premium,US-East,18-24,organic
u0164,2025-06-25,premium,US-Central,18-24,paid_search
u0165,2025-10-29,basic,US-Central,35-44,organic
u0166,2026-05-10,Basic,US-East,45-54,organic
u0167,2025-07-31,standard,US-East,35-44,referral
u0168,2025-08-07,basic,US-Central,25-34,organic
u0169,2026-02-24,standard,US-West,35-44,paid_search
u0170,2026-03-11,standard,US-West,35-44,organic
u0171,2025-04-05,basic,Canada,18-24,referral
u0172,2025-01-18,standard,US-Central,25-34,referral
u0173,2025-02-24,standard,Canada,25-34,organic
u0174,2025-03-17,premium,US-East,35-44,paid_search
u0175,2026-06-09,Basic,US-West,45-54,organic
u0176,2026-05-18,Basic,Canada,35-44,organic
u0177,2025-07-25,basic,US-West,25-34,organic
u0178,2025-07-02,basic,US-Central,55+,paid_search
u0179,2026-07-03,Standard,US-Central,35-44,paid_search
u0180,2025-10-08,premium,US-West,35-44,referral
u0181,2025-09-16,standard,US-Central,25-34,referral
u0182,2026-03-28,standard,Canada,25-34,referral
u0183,2025-04-15,standard,US-East,35-44,organic
u0184,2026-04-20,standard,US-Central,18-24,organic
u0185,2026-06-20,Basic,US-Central,18-24,referral
u0186,2026-05-17,Standard,Canada,25-34,organic
u0187,2025-05-09,standard,US-West,25-34,organic
u0188,2026-06-27,Premium,US-Central,35-44,organic
u0189,2026-05-18,Premium,US-West,35-44,referral
u0190,2025-05-03,basic,US-West,25-34,organic
u0191,2025-11-22,standard,Canada,25-34,organic
u0192,2026-02-18,basic,Canada,18-24,organic
u0193,2025-11-06,basic,US-East,18-24,referral
u0194,2025-03-24,premium,US-East,25-34,referral
u0195,2025-10-06,standard,US-East,18-24,referral
u0196,2025-03-26,standard,US-Central,25-34,paid_search
u0197,2026-04-18,premium,US-West,18-24,organic
u0198,2026-01-26,premium,US-Central,25-34,organic
u0199,2026-01-25,premium,US-Central,25-34,organic
u0200,2025-10-15,standard,Canada,35-44,organic
u0201,2025-02-15,standard,US-Central,25-34,referral
u0202,2026-03-18,standard,US-West,18-24,paid_search
u0203,2025-09-07,standard,US-West,45-54,referral
u0204,2026-03-07,basic,US-East,18-24,paid_search
u0205,2026-01-10,basic,Canada,35-44,paid_search
u0206,2025-04-12,standard,US-East,35-44,organic
u0207,2026-03-30,standard,US-West,18-24,organic
u0208,2025-10-15,standard,US-West,35-44,referral
u0209,2025-07-27,standard,US-Central,18-24,paid_search
u0210,2025-02-21,standard,US-Central,18-24,organic
u0211,2026-06-07,Standard,US-East,55+,organic
u0212,2025-05-14,basic,Canada,45-54,referral
u0213,2025-01-19,basic,US-East,35-44,referral
u0214,2025-07-06,premium,US-Central,55+,organic
u0215,2025-10-21,basic,US-Central,55+,organic
u0216,2026-06-12,Basic,US-East,35-44,paid_search
u0217,2025-12-23,standard,US-West,35-44,organic
u0218,2025-12-20,standard,US-West,18-24,referral
u0219,2025-02-24,basic,US-West,25-34,organic
u0220,2026-03-31,premium,US-East,18-24,organic
u0221,2026-02-10,basic,Canada,18-24,organic
u0222,2025-06-05,standard,US-West,35-44,organic
u0223,2025-05-26,standard,US-East,35-44,organic
u0224,2025-07-26,standard,US-East,25-34,organic
u0225,2025-03-30,basic,US-East,35-44,organic
u0226,2025-11-30,basic,US-West,18-24,organic
u0227,2025-04-13,standard,US-East,35-44,paid_search
u0228,2025-07-10,premium,US-East,35-44,referral
u0229,2026-02-25,standard,Canada,35-44,organic
u0230,2025-07-07,premium,US-East,35-44,organic
u0231,2026-04-08,standard,US-Central,55+,organic
u0232,2026-02-28,standard,US-East,55+,paid_search
u0233,2026-01-23,premium,US-West,45-54,organic
u0234,2026-05-24,Standard,US-East,55+,organic
u0235,2025-12-21,basic,US-East,18-24,referral
u0236,2026-01-10,basic,US-Central,35-44,paid_search
u0237,2026-06-02,Basic,US-Central,45-54,referral
u0238,2026-06-23,Basic,US-East,45-54,organic
u0239,2025-03-17,basic,US-East,35-44,referral
u0240,2026-03-21,basic,US-West,25-34,organic
u0241,2026-01-14,basic,US-Central,25-34,referral
u0242,2026-01-02,basic,US-Central,35-44,referral
u0243,2025-07-31,basic,US-West,35-44,organic
u0244,2025-09-29,standard,US-West,25-34,organic
u0245,2026-02-15,basic,US-East,35-44,paid_search
u0246,2025-11-07,basic,Canada,18-24,referral
u0247,2026-05-29,Standard,US-East,35-44,referral
u0248,2025-12-15,standard,Canada,35-44,paid_search
u0249,2025-01-28,basic,Canada,25-34,paid_search
u0250,2026-05-09,Basic,US-East,25-34,paid_search
u0251,2025-01-21,premium,US-West,55+,paid_search
u0252,2026-02-19,standard,US-East,35-44,paid_search
u0253,2025-01-01,basic,US-West,25-34,organic
u0254,2025-07-28,basic,US-West,45-54,paid_search
u0255,2025-02-25,basic,US-East,25-34,organic
u0256,2025-03-17,basic,US-West,35-44,paid_search
u0257,2025-03-18,basic,US-Central,35-44,referral
u0258,2026-03-24,premium,Canada,18-24,referral
u0259,2025-12-20,basic,Canada,35-44,organic
u0260,2025-07-11,standard,US-East,25-34,paid_search
u0261,2025-04-30,premium,US-West,18-24,organic
u0262,2026-06-24,Basic,US-Central,45-54,organic
u0263,2025-10-09,basic,Canada,55+,organic
u0264,2026-01-25,standard,US-West,25-34,organic
u0265,2025-07-20,basic,US-East,18-24,organic
u0266,2025-09-15,basic,US-Central,18-24,paid_search
u0267,2026-02-17,basic,US-East,55+,organic
u0268,2025-09-07,basic,Canada,45-54,organic
u0269,2025-12-11,standard,US-West,25-34,organic
u0270,2025-11-11,basic,US-East,55+,organic
u0271,2026-05-14,Basic,US-West,25-34,paid_search
u0272,2026-06-20,Premium,US-West,35-44,referral
u0273,2025-05-01,premium,US-West,45-54,organic
u0274,2026-01-21,premium,US-Central,25-34,organic
u0275,2025-11-21,premium,US-West,35-44,organic
u0276,2026-06-07,Standard,US-East,18-24,paid_search
u0277,2025-10-11,basic,US-West,35-44,paid_search
u0278,2025-03-11,standard,US-West,45-54,paid_search
u0279,2026-05-01,Premium,Canada,35-44,organic
u0280,2026-04-17,standard,US-West,45-54,referral
u0281,2026-05-31,Basic,US-Central,55+,referral
u0282,2025-01-27,basic,US-Central,18-24,paid_search
u0283,2025-11-13,premium,Canada,25-34,paid_search
u0284,2025-11-26,standard,US-East,25-34,organic
u0285,2025-06-14,basic,US-West,18-24,organic
u0286,2025-01-11,standard,US-West,45-54,paid_search
u0287,2025-04-16,basic,Canada,18-24,paid_search
u0288,2026-05-20,Standard,US-Central,45-54,referral
u0289,2026-03-27,standard,US-West,25-34,organic
u0290,2025-07-27,premium,Canada,35-44,paid_search
u0291,2025-01-31,basic,Canada,25-34,paid_search
u0292,2025-03-15,basic,US-West,25-34,organic
u0293,2025-07-18,standard,US-Central,18-24,paid_search
u0294,2026-05-03,Basic,US-Central,35-44,paid_search
u0295,2025-08-05,basic,Canada,25-34,paid_search
u0296,2025-10-04,standard,US-Central,45-54,organic
u0297,2026-01-06,basic,Canada,35-44,referral
u0298,2026-03-13,basic,US-East,25-34,referral
u0299,2026-06-13,Basic,US-East,25-34,organic
u0300,2026-04-14,basic,US-Central,45-54,paid_search
u0301,2025-01-26,basic,US-Central,18-24,paid_search
u0302,2026-04-15,basic,US-Central,18-24,referral
u0303,2025-12-07,premium,Canada,35-44,paid_search
u0304,2025-04-15,standard,US-East,35-44,paid_search
u0305,2025-12-11,premium,US-Central,45-54,paid_search
u0306,2026-02-18,standard,Canada,55+,referral
u0307,2025-03-15,standard,Canada,45-54,referral
u0308,2026-02-12,basic,Canada,45-54,paid_search
u0309,2026-06-11,Standard,US-East,45-54,referral
u0310,2026-06-30,Premium,US-West,45-54,paid_search
u0311,2025-04-05,basic,US-West,55+,organic
u0312,2025-07-30,standard,US-Central,35-44,organic
u0313,2026-01-21,premium,US-West,25-34,organic
u0314,2025-07-31,standard,US-East,18-24,organic
u0315,2026-05-13,Standard,Canada,35-44,organic
u0316,2025-02-20,basic,US-East,18-24,organic
u0317,2025-10-08,basic,US-East,55+,referral
u0318,2026-01-15,basic,US-East,35-44,organic
u0319,2025-03-13,premium,Canada,18-24,paid_search
u0320,2025-01-21,basic,US-West,45-54,paid_search
u0321,2025-01-16,premium,Canada,18-24,organic
u0322,2025-04-19,standard,US-West,55+,organic
u0323,2025-12-08,standard,US-West,45-54,paid_search
u0324,2025-06-25,standard,US-Central,25-34,paid_search
u0325,2026-06-09,Basic,US-East,45-54,referral
u0326,2025-06-20,standard,US-West,35-44,referral
u0327,2025-05-15,standard,Canada,25-34,organic
u0328,2026-04-05,standard,US-East,45-54,paid_search
u0329,2026-02-23,basic,US-East,35-44,organic
u0330,2025-03-20,basic,US-East,55+,referral
u0331,2026-03-11,standard,Canada,35-44,organic
u0332,2025-03-28,standard,US-West,25-34,paid_search
u0333,2025-10-12,standard,US-East,35-44,paid_search
u0334,2025-07-22,standard,US-West,18-24,referral
u0335,2026-06-09,Standard,US-West,25-34,paid_search
u0336,2026-05-06,Basic,US-West,35-44,organic
u0337,2025-10-28,premium,Canada,18-24,referral
u0338,2025-12-24,basic,US-East,25-34,referral
u0339,2026-01-01,standard,US-West,35-44,referral
u0340,2026-02-10,basic,US-East,25-34,paid_search
u0341,2025-04-12,premium,US-Central,18-24,organic
u0342,2026-01-17,premium,US-West,25-34,paid_search
u0343,2025-09-27,basic,US-West,25-34,paid_search
u0344,2025-04-13,standard,US-West,25-34,paid_search
u0345,2025-10-15,standard,US-West,18-24,paid_search
u0346,2025-05-09,standard,Canada,35-44,referral
u0347,2026-03-22,standard,US-East,55+,paid_search
u0348,2025-04-09,basic,US-East,35-44,paid_search
u0349,2025-05-01,premium,US-East,18-24,organic
u0350,2026-04-17,standard,US-Central,35-44,organic
u0351,2025-01-30,premium,US-West,55+,paid_search
u0352,2025-03-17,premium,US-West,45-54,referral
u0353,2025-09-26,standard,US-West,25-34,paid_search
u0354,2025-08-01,basic,Canada,45-54,organic
u0355,2025-11-19,premium,US-Central,45-54,paid_search
u0356,2025-01-10,basic,US-West,45-54,organic
u0357,2025-08-16,premium,US-West,25-34,paid_search
u0358,2025-05-18,basic,Canada,18-24,paid_search
u0359,2026-06-29,Standard,US-Central,45-54,paid_search
u0360,2025-05-03,premium,US-West,35-44,paid_search
u0361,2025-01-29,premium,Canada,18-24,referral
u0362,2025-05-14,basic,US-Central,55+,organic
u0363,2025-05-18,premium,Canada,45-54,referral
u0364,2026-06-24,Standard,Canada,18-24,referral
u0365,2025-06-16,standard,US-East,18-24,organic
u0366,2026-01-23,premium,US-West,35-44,organic
u0367,2025-11-23,standard,Canada,25-34,paid_search
u0368,2025-02-03,standard,US-East,25-34,paid_search
u0369,2025-05-13,premium,US-East,25-34,organic
u0370,2025-11-02,basic,Canada,35-44,organic
u0371,2025-07-31,standard,US-Central,25-34,organic
u0372,2025-07-17,standard,US-Central,18-24,organic
u0373,2025-12-26,standard,US-Central,25-34,paid_search
u0374,2025-09-30,basic,US-West,35-44,organic
u0375,2025-02-27,premium,US-East,45-54,referral
u0376,2025-02-18,standard,US-West,35-44,paid_search
u0377,2025-06-14,basic,US-East,55+,paid_search
u0378,2025-05-23,standard,US-Central,35-44,paid_search
u0379,2026-06-10,Basic,US-East,45-54,paid_search
u0380,2025-08-29,premium,US-Central,25-34,organic
u0381,2025-11-23,premium,US-Central,25-34,referral
u0382,2025-11-20,premium,US-Central,45-54,organic
u0383,2025-03-07,premium,US-East,45-54,referral
u0384,2025-07-10,standard,US-West,35-44,organic
u0385,2025-09-27,basic,Canada,45-54,organic
u0386,2025-01-26,standard,Canada,18-24,paid_search
u0387,2025-06-19,premium,US-West,25-34,paid_search
u0388,2025-01-17,basic,US-East,35-44,organic
u0389,2026-05-30,Standard,Canada,18-24,organic
u0390,2025-04-20,premium,US-Central,35-44,organic
u0391,2026-05-19,Basic,US-East,35-44,paid_search
u0392,2026-06-26,Basic,US-East,25-34,organic
u0393,2025-08-17,basic,US-West,35-44,referral
u0394,2025-12-02,basic,US-Central,45-54,paid_search
u0395,2026-03-21,standard,US-Central,55+,referral
u0396,2025-03-20,basic,US-West,35-44,paid_search
u0397,2025-07-22,standard,US-Central,25-34,referral
u0398,2025-09-23,basic,US-West,35-44,paid_search
u0399,2025-07-15,standard,US-West,45-54,paid_search
u0400,2026-04-16,basic,US-West,35-44,organic
u0401,2025-12-20,basic,Canada,25-34,organic
u0402,2025-04-04,basic,US-Central,18-24,paid_search
u0403,2026-02-23,basic,US-West,25-34,organic
u0404,2025-12-10,standard,US-West,25-34,referral
u0405,2026-06-08,Standard,US-West,35-44,paid_search
u0406,2025-07-08,premium,US-Central,35-44,referral
u0407,2025-02-04,premium,US-Central,25-34,referral
u0408,2025-12-15,basic,US-Central,25-34,paid_search
u0409,2026-05-12,Standard,US-West,18-24,organic
u0410,2025-02-27,standard,US-Central,35-44,paid_search
u0411,2026-02-15,standard,Canada,18-24,organic
u0412,2025-06-20,standard,US-West,25-34,referral
u0413,2025-07-23,standard,US-West,45-54,organic
u0414,2025-10-23,standard,US-Central,18-24,referral
u0415,2026-04-01,standard,US-Central,45-54,organic
u0416,2025-06-25,basic,Canada,25-34,referral
u0417,2025-06-03,basic,US-Central,55+,paid_search
u0418,2025-08-20,basic,Canada,25-34,paid_search
u0419,2025-10-11,standard,US-East,25-34,organic
u0420,2025-09-21,standard,Canada,25-34,organic
u0421,2025-04-10,basic,US-West,18-24,paid_search
u0422,2026-06-21,Basic,Canada,25-34,paid_search
u0423,2025-01-06,basic,US-West,35-44,referral
u0424,2026-05-03,Basic,US-East,45-54,paid_search
u0425,2025-09-01,standard,US-West,25-34,referral
u0426,2026-01-06,standard,US-West,25-34,organic
u0427,2025-03-25,standard,US-West,18-24,organic
u0428,2025-11-29,standard,Canada,35-44,paid_search
u0429,2026-03-29,premium,US-Central,25-34,organic
u0430,2025-02-04,basic,Canada,35-44,organic
u0431,2025-11-21,basic,US-East,25-34,paid_search
u0432,2026-04-20,standard,US-West,25-34,organic
u0433,2025-06-02,basic,US-Central,25-34,organic
u0434,2026-02-11,basic,US-Central,55+,organic
u0435,2025-10-31,basic,US-West,25-34,paid_search
u0436,2026-04-25,premium,US-Central,35-44,paid_search
u0437,2025-06-25,premium,US-Central,45-54,referral
u0438,2025-09-30,premium,Canada,18-24,organic
u0439,2025-11-18,premium,US-West,18-24,referral
u0440,2025-06-18,standard,Canada,35-44,organic
u0441,2025-07-20,premium,US-Central,18-24,referral
u0442,2026-01-23,premium,Canada,45-54,paid_search
u0443,2026-05-14,Premium,US-East,35-44,organic
u0444,2025-05-04,standard,US-East,45-54,paid_search
u0445,2025-02-24,basic,US-West,25-34,paid_search
u0446,2026-06-20,Standard,Canada,55+,organic
u0447,2025-09-26,basic,Canada,35-44,organic
u0448,2025-01-24,standard,US-East,25-34,paid_search
u0449,2025-10-02,standard,US-Central,25-34,organic
u0450,2026-04-10,basic,Canada,45-54,referral
u0451,2026-05-19,Basic,US-West,18-24,organic
u0452,2026-06-30,Standard,US-Central,55+,organic
u0453,2025-10-17,standard,US-East,25-34,organic
u0454,2025-11-06,standard,Canada,35-44,organic
u0455,2025-11-04,basic,US-East,35-44,referral
u0456,2025-11-06,standard,US-West,25-34,paid_search
u0457,2025-08-25,premium,US-East,45-54,organic
u0458,2025-08-22,basic,US-East,35-44,referral
u0459,2025-09-29,standard,US-East,55+,paid_search
u0460,2025-02-02,basic,Canada,25-34,referral
u0461,2026-02-09,standard,US-East,25-34,paid_search
u0462,2026-06-13,Basic,US-Central,25-34,organic
u0463,2025-10-04,basic,US-East,45-54,paid_search
u0464,2025-10-21,premium,US-East,25-34,organic
u0465,2025-05-30,premium,US-East,45-54,organic
u0466,2026-02-19,basic,US-East,45-54,paid_search
u0467,2025-05-29,basic,US-Central,45-54,paid_search
u0468,2026-04-03,standard,US-East,25-34,paid_search
u0469,2025-04-15,basic,US-West,55+,paid_search
u0470,2025-01-15,basic,US-Central,18-24,paid_search
u0471,2026-05-23,Premium,Canada,25-34,organic
u0472,2025-04-16,basic,US-East,25-34,organic
u0473,2026-05-31,Premium,US-Central,45-54,referral
u0474,2025-05-22,standard,US-Central,45-54,organic
u0475,2026-02-05,basic,US-Central,18-24,paid_search
u0476,2025-11-06,standard,US-Central,18-24,organic
u0477,2026-03-11,basic,US-West,35-44,paid_search
u0478,2026-01-29,premium,Canada,45-54,organic
u0479,2026-02-04,premium,US-West,55+,paid_search
u0480,2025-10-20,premium,Canada,25-34,organic
u0481,2025-05-23,standard,Canada,55+,organic
u0482,2025-11-13,standard,US-East,35-44,paid_search
u0483,2026-04-29,standard,US-Central,18-24,organic
u0484,2026-05-02,Premium,Canada,35-44,paid_search
u0485,2026-03-01,standard,US-West,18-24,organic
u0486,2026-04-03,standard,Canada,25-34,organic
u0487,2025-09-22,premium,Canada,25-34,organic
u0488,2025-09-05,basic,Canada,35-44,paid_search
u0489,2025-03-21,premium,Canada,25-34,paid_search
u0490,2025-12-31,standard,US-Central,35-44,organic
u0491,2026-05-05,Standard,Canada,35-44,referral
u0492,2026-03-02,basic,US-East,45-54,paid_search
u0493,2025-03-18,standard,US-West,35-44,organic
u0494,2025-08-21,basic,US-East,18-24,referral
u0495,2025-03-28,basic,Canada,18-24,organic
u0496,2026-01-10,basic,US-Central,45-54,paid_search
u0497,2025-11-10,premium,US-Central,45-54,paid_search
u0498,2026-01-26,standard,Canada,35-44,organic
u0499,2025-07-28,basic,US-East,55+,organic
u0500,2026-06-18,Standard,US-Central,35-44,organic
u0501,2025-12-02,premium,US-West,25-34,organic
u0502,2025-01-30,standard,US-East,45-54,paid_search
u0503,2025-08-22,basic,US-Central,18-24,paid_search
u0504,2025-01-31,premium,US-East,25-34,organic
u0505,2025-08-28,basic,US-Central,25-34,referral
u0506,2025-08-09,premium,US-Central,35-44,paid_search
u0507,2026-07-04,Basic,US-West,55+,organic
u0508,2025-11-13,standard,US-West,55+,organic
u0509,2026-05-25,Premium,US-East,45-54,paid_search
u0510,2025-06-27,basic,US-West,25-34,referral
u0511,2025-03-27,standard,Canada,25-34,organic
u0512,2026-03-16,standard,US-Central,18-24,organic
u0513,2025-02-19,standard,US-East,25-34,organic
u0514,2025-12-12,premium,US-East,25-34,referral
u0515,2026-01-17,standard,US-Central,25-34,referral
u0516,2026-05-23,Basic,Canada,25-34,paid_search
u0517,2026-01-23,standard,US-West,45-54,referral
u0518,2025-09-15,standard,Canada,35-44,organic
u0519,2025-09-21,standard,Canada,55+,organic
u0520,2026-07-04,Standard,Canada,25-34,organic
u0521,2025-10-24,premium,Canada,55+,organic
u0522,2025-11-05,basic,US-East,45-54,paid_search
u0523,2025-04-22,premium,US-Central,35-44,organic
u0524,2025-04-24,basic,US-East,18-24,organic
u0525,2025-01-12,basic,Canada,35-44,paid_search
u0526,2025-05-18,premium,US-East,35-44,referral
u0527,2025-03-11,basic,US-West,25-34,organic
u0528,2025-02-02,standard,US-East,35-44,organic
u0529,2025-01-11,standard,Canada,45-54,organic
u0530,2025-03-18,basic,US-Central,45-54,paid_search
u0531,2025-12-25,basic,US-East,25-34,organic
u0532,2026-01-24,basic,US-West,25-34,referral
u0533,2025-12-04,basic,Canada,35-44,referral
u0534,2025-09-29,standard,US-Central,45-54,referral
u0535,2025-07-18,standard,US-East,35-44,organic
u0536,2025-08-29,basic,US-West,18-24,referral
u0537,2025-04-16,standard,Canada,18-24,organic
u0538,2026-06-29,Premium,Canada,25-34,referral
u0539,2025-02-26,basic,US-West,18-24,organic
u0540,2025-07-31,basic,US-East,25-34,organic
u0541,2025-09-22,standard,Canada,35-44,organic
u0542,2026-03-02,standard,US-Central,25-34,referral
u0543,2025-09-12,standard,US-East,35-44,organic
u0544,2026-03-22,basic,Canada,35-44,organic
u0545,2025-08-26,premium,US-East,35-44,organic
u0546,2025-07-24,standard,US-East,35-44,organic
u0547,2025-02-09,basic,US-Central,35-44,referral
u0548,2025-07-12,premium,US-Central,45-54,organic
u0549,2025-07-19,premium,Canada,35-44,organic
u0550,2025-03-16,premium,US-West,18-24,paid_search
u0551,2025-11-03,standard,Canada,55+,organic
u0552,2025-04-09,basic,US-West,35-44,organic
u0553,2025-12-17,premium,Canada,35-44,organic
u0554,2025-12-26,standard,US-East,18-24,paid_search
u0555,2026-06-21,Premium,US-East,55+,organic
u0556,2026-02-11,basic,US-West,18-24,organic
u0557,2026-05-05,Basic,US-West,45-54,organic
u0558,2025-09-30,basic,Canada,25-34,paid_search
u0559,2025-07-06,basic,US-West,35-44,organic
u0560,2026-01-01,standard,US-East,35-44,organic
u0561,2025-11-14,basic,Canada,35-44,referral
u0562,2025-12-10,standard,US-Central,25-34,paid_search
u0563,2026-01-27,standard,US-Central,25-34,organic
u0564,2025-09-18,standard,US-East,25-34,organic
u0565,2025-05-23,basic,US-Central,25-34,referral
u0566,2026-02-11,basic,Canada,35-44,paid_search
u0567,2026-01-08,premium,US-Central,25-34,referral
u0568,2025-10-17,basic,US-West,35-44,organic
u0569,2025-05-15,standard,US-Central,18-24,referral
u0570,2025-09-14,standard,US-Central,55+,paid_search
u0571,2025-06-29,premium,Canada,18-24,organic
u0572,2026-04-01,basic,Canada,18-24,organic
u0573,2026-06-15,Standard,US-West,25-34,organic
u0574,2026-05-25,Basic,Canada,35-44,organic
u0575,2025-09-18,basic,US-Central,25-34,paid_search
u0576,2025-01-10,standard,Canada,25-34,organic
u0577,2026-05-26,Standard,US-Central,25-34,referral
u0578,2025-10-20,standard,US-East,55+,organic
u0579,2025-06-13,premium,US-Central,25-34,organic
u0580,2026-01-29,basic,Canada,35-44,paid_search
u0581,2025-11-09,basic,Canada,25-34,paid_search
u0582,2025-01-06,basic,US-West,18-24,organic
u0583,2025-09-19,basic,US-West,25-34,paid_search
u0584,2025-12-14,premium,US-East,45-54,referral
u0585,2025-02-17,standard,US-East,35-44,referral
u0586,2026-04-20,basic,US-West,35-44,organic
u0587,2025-02-24,basic,US-East,18-24,paid_search
u0588,2026-06-16,Basic,US-Central,35-44,paid_search
u0589,2025-02-21,standard,US-West,18-24,organic
u0590,2025-04-29,standard,US-Central,18-24,referral
u0591,2025-10-18,standard,Canada,45-54,organic
u0592,2025-09-27,basic,US-East,35-44,referral
u0593,2026-05-29,Basic,US-West,25-34,paid_search
u0594,2026-05-02,Premium,US-West,45-54,organic
u0595,2025-07-12,basic,US-Central,25-34,organic
u0596,2025-08-19,basic,US-East,35-44,organic
u0597,2025-11-03,standard,US-West,45-54,organic
u0598,2026-03-21,premium,US-Central,25-34,paid_search
u0599,2026-02-13,basic,Canada,25-34,organic
u0600,2025-03-16,standard,Canada,25-34,organic
u0601,2025-10-22,premium,US-Central,18-24,organic
u0602,2025-02-13,standard,Canada,35-44,organic
u0603,2025-03-06,standard,US-West,55+,referral
u0604,2025-07-11,basic,US-West,45-54,organic
u0605,2025-12-30,standard,US-East,25-34,paid_search
u0606,2026-02-24,premium,US-Central,45-54,paid_search
u0607,2025-08-30,basic,US-West,35-44,paid_search
u0608,2025-12-10,basic,US-East,45-54,organic
u0609,2026-03-14,standard,US-Central,45-54,organic
u0610,2025-01-12,standard,US-West,35-44,referral
u0611,2026-04-30,basic,US-Central,25-34,organic
u0612,2025-09-04,premium,US-Central,35-44,referral
u0613,2025-09-03,standard,US-Central,35-44,paid_search
u0614,2025-09-22,standard,Canada,25-34,referral
u0615,2026-01-04,basic,Canada,35-44,organic
u0616,2026-06-24,Basic,US-West,55+,paid_search
u0617,2025-04-28,standard,US-Central,25-34,organic
u0618,2025-06-12,basic,US-West,35-44,referral
u0619,2026-02-07,standard,US-Central,25-34,organic
u0620,2025-01-16,basic,US-West,35-44,organic
u0621,2025-12-28,premium,US-Central,45-54,organic
u0622,2026-05-20,Standard,US-East,35-44,paid_search
u0623,2026-04-04,standard,US-East,25-34,paid_search
u0624,2025-10-30,basic,Canada,45-54,organic
u0625,2026-01-18,basic,Canada,35-44,organic
u0626,2026-04-25,basic,Canada,55+,paid_search
u0627,2025-04-02,standard,US-West,35-44,organic
u0628,2025-11-01,basic,US-West,35-44,organic
u0629,2026-04-07,standard,US-East,45-54,paid_search
u0630,2026-02-26,standard,US-West,35-44,paid_search
u0631,2025-10-25,basic,Canada,25-34,paid_search
u0632,2025-02-20,basic,Canada,18-24,organic
u0633,2026-06-25,Premium,Canada,18-24,referral
u0634,2026-06-24,Standard,US-West,35-44,organic
u0635,2025-11-03,basic,US-West,55+,organic
u0636,2025-12-23,basic,US-West,25-34,paid_search
u0637,2025-11-06,standard,Canada,45-54,paid_search
u0638,2025-08-15,standard,US-Central,45-54,referral
u0639,2025-10-23,standard,US-East,35-44,organic
u0640,2025-05-30,basic,Canada,45-54,organic
u0641,2026-01-06,premium,US-East,18-24,referral
u0642,2026-01-14,premium,US-East,25-34,referral
u0643,2025-11-20,basic,US-Central,35-44,organic
u0644,2025-04-29,standard,Canada,35-44,organic
u0645,2025-01-19,basic,US-East,35-44,organic
u0646,2026-01-22,standard,US-Central,25-34,referral
u0647,2026-01-07,premium,Canada,35-44,organic
u0648,2025-10-09,basic,US-West,55+,organic
u0649,2025-11-08,premium,Canada,45-54,paid_search
u0650,2025-02-06,standard,US-West,35-44,paid_search
u0651,2025-11-18,basic,US-Central,18-24,paid_search
u0652,2025-09-09,standard,US-West,45-54,referral
u0653,2026-06-10,Basic,Canada,45-54,referral
u0654,2025-03-23,basic,US-West,25-34,organic
u0655,2026-06-15,Basic,Canada,18-24,paid_search
u0656,2025-11-29,standard,US-Central,35-44,organic
u0657,2025-03-05,standard,US-Central,45-54,organic
u0658,2025-03-07,standard,US-East,35-44,referral
u0659,2025-06-17,standard,US-West,25-34,paid_search
u0660,2025-09-14,basic,US-Central,45-54,organic
u0661,2026-05-18,Standard,US-West,35-44,organic
u0662,2025-05-25,standard,US-West,25-34,organic
u0663,2025-07-12,standard,Canada,25-34,organic
u0664,2026-05-21,Standard,Canada,25-34,referral
u0665,2025-04-09,standard,US-East,25-34,referral
u0666,2026-01-07,basic,US-Central,18-24,paid_search
u0667,2025-03-06,basic,US-West,35-44,organic
u0668,2026-03-05,basic,Canada,35-44,organic
u0669,2026-06-17,Standard,US-Central,25-34,referral
u0670,2025-08-18,basic,US-West,18-24,referral
u0671,2025-05-12,standard,US-East,18-24,organic
u0672,2025-01-15,basic,US-West,55+,paid_search
u0673,2025-09-20,standard,Canada,55+,organic
u0674,2025-07-23,basic,US-West,45-54,paid_search
u0675,2026-03-14,standard,US-East,45-54,organic
u0676,2026-05-03,Basic,Canada,35-44,organic
u0677,2025-01-23,standard,US-Central,35-44,paid_search
u0678,2026-07-02,Basic,US-East,55+,paid_search
u0679,2025-10-21,standard,US-Central,35-44,paid_search
u0680,2025-03-22,basic,US-East,55+,referral
u0681,2026-06-06,Basic,US-Central,45-54,paid_search
u0682,2025-02-02,basic,Canada,18-24,organic
u0683,2025-10-22,premium,US-Central,35-44,paid_search
u0684,2025-11-08,standard,US-East,18-24,referral
u0685,2025-06-18,basic,US-East,45-54,referral
u0686,2026-07-05,Standard,US-Central,35-44,paid_search
u0687,2026-05-29,Basic,Canada,35-44,paid_search
u0688,2025-02-05,standard,US-Central,25-34,organic
u0689,2025-11-16,standard,Canada,45-54,organic
u0690,2025-08-27,premium,US-West,55+,organic
u0691,2025-11-24,basic,US-Central,55+,paid_search
u0692,2026-02-01,premium,US-West,55+,organic
u0693,2025-09-22,standard,US-East,55+,organic
u0694,2025-06-28,standard,US-East,18-24,organic
u0695,2026-06-27,Standard,US-West,45-54,organic
u0696,2025-12-04,standard,US-East,35-44,organic
u0697,2026-05-26,Standard,US-East,25-34,paid_search
u0698,2025-01-17,basic,Canada,35-44,organic
u0699,2025-11-18,premium,US-Central,25-34,paid_search
u0700,2026-05-12,Standard,Canada,18-24,paid_search
u0701,2026-03-03,basic,US-West,25-34,organic
u0702,2026-05-05,Premium,US-Central,35-44,paid_search
u0703,2026-02-08,basic,US-East,35-44,paid_search
u0704,2025-07-05,premium,US-West,55+,organic
u0705,2025-05-22,basic,Canada,55+,paid_search
u0706,2025-01-12,standard,US-West,45-54,organic
u0707,2025-11-02,basic,US-West,25-34,organic
u0708,2025-09-17,basic,Canada,45-54,organic
u0709,2025-11-01,standard,US-West,55+,organic
u0710,2026-01-01,basic,US-Central,35-44,referral
u0711,2025-09-20,standard,US-West,25-34,organic
u0712,2025-05-19,basic,US-West,25-34,paid_search
u0713,2025-12-25,standard,US-East,25-34,organic
u0714,2025-01-20,standard,US-West,35-44,organic
u0715,2025-08-03,basic,US-Central,18-24,organic
u0716,2025-12-07,standard,Canada,55+,organic
u0717,2026-03-03,standard,US-Central,35-44,paid_search
u0718,2025-08-28,basic,US-Central,35-44,referral
u0719,2026-05-04,Premium,US-East,25-34,organic
u0720,2025-06-21,standard,US-East,45-54,organic
u0721,2026-01-04,basic,US-West,18-24,organic
u0722,2025-01-19,premium,Canada,25-34,paid_search
u0723,2025-03-11,standard,Canada,35-44,referral
u0724,2026-04-30,premium,Canada,45-54,referral
u0725,2025-03-08,standard,Canada,25-34,referral
u0726,2026-04-26,standard,Canada,35-44,organic
u0727,2025-02-19,standard,US-Central,55+,organic
u0728,2025-02-21,basic,US-West,45-54,referral
u0729,2026-07-03,Premium,US-East,45-54,organic
u0730,2025-10-29,standard,US-West,35-44,paid_search
u0731,2025-05-04,basic,US-Central,25-34,paid_search
u0732,2026-01-20,premium,US-East,35-44,referral
u0733,2025-01-10,basic,US-East,55+,paid_search
u0734,2025-12-06,premium,US-East,45-54,paid_search
u0735,2026-04-21,premium,US-West,35-44,organic
u0736,2026-03-11,standard,US-East,45-54,referral
u0737,2026-06-05,Premium,US-Central,35-44,organic
u0738,2025-10-11,standard,US-West,45-54,referral
u0739,2025-06-07,standard,US-Central,45-54,organic
u0740,2025-02-13,basic,US-East,45-54,paid_search
u0741,2026-04-14,standard,US-West,35-44,paid_search
u0742,2025-07-10,standard,US-East,18-24,organic
u0743,2025-06-10,basic,US-East,35-44,organic
u0744,2026-03-27,basic,US-East,25-34,paid_search
u0745,2025-09-30,standard,Canada,55+,organic
u0746,2025-01-22,premium,Canada,35-44,organic
u0747,2026-06-29,Standard,Canada,18-24,organic
u0748,2025-12-11,basic,US-East,35-44,referral
u0749,2025-03-13,standard,US-West,35-44,paid_search
u0750,2026-02-10,standard,US-West,35-44,referral
u0751,2026-07-11,Basic,US-Central,35-44,paid_search
u0752,2026-07-11,Basic,Canada,35-44,organic
u0753,2026-07-06,Premium,US-East,18-24,organic
u0754,2026-07-07,Basic,Canada,45-54,paid_search
u0755,2026-07-09,Basic,US-East,18-24,organic
u0756,2026-07-08,Standard,US-West,18-24,paid_search
u0757,2026-07-08,Basic,US-Central,25-34,paid_search
u0758,2026-07-07,Standard,US-West,25-34,organic
u0759,2026-07-06,Basic,US-West,45-54,organic
u0760,2026-07-10,Basic,Canada,18-24,paid_search
u0761,2026-07-07,Basic,Canada,25-34,referral
u0762,2026-07-08,Standard,US-Central,18-24,organic
u0763,2026-07-17,Premium,Canada,55+,referral
u0764,2026-07-14,Standard,US-Central,45-54,paid_search
u0765,2026-07-18,Standard,Canada,18-24,organic
u0766,2026-07-17,Standard,Canada,35-44,organic
u0767,2026-07-18,Standard,Canada,35-44,referral
u0768,2026-07-17,Standard,US-West,55+,organic
u0769,2026-07-13,Standard,US-West,25-34,organic
u0770,2026-07-19,Standard,US-East,18-24,organic
u0771,2026-07-19,Premium,US-East,35-44,referral
u0772,2026-07-13,Standard,US-Central,18-24,organic
u0773,2026-07-15,Basic,US-East,18-24,paid_search
u0774,2026-07-13,Basic,US-East,35-44,paid_search
u0775,2026-07-25,Premium,US-Central,35-44,organic
u0776,2026-07-23,Standard,US-West,35-44,referral
u0777,2026-07-20,Standard,Canada,25-34,referral
u0778,2026-07-25,Premium,Canada,25-34,referral
u0779,2026-07-20,Basic,US-West,55+,organic
u0780,2026-07-24,Standard,US-East,25-34,organic
u0781,2026-07-24,Basic,US-West,18-24,paid_search
u0782,2026-07-21,Basic,US-East,35-44,referral
u0783,2026-07-26,Standard,US-Central,25-34,referral
u0784,2026-07-21,Basic,Canada,45-54,organic
u0785,2026-07-25,Standard,US-Central,35-44,paid_search
u0786,2026-07-23,Standard,Canada,35-44,referral
u0787,2026-07-27,Premium,US-Central,25-34,organic
u0788,2026-07-27,Standard,US-East,35-44,referral
u0789,2026-07-30,Standard,US-East,18-24,organic
u0790,2026-07-28,Standard,US-Central,25-34,paid_search
u0791,2026-07-29,Standard,US-East,25-34,referral
u0792,2026-07-28,Basic,US-West,25-34,organic
u0793,2026-07-31,Standard,US-Central,25-34,organic
u0794,2026-08-02,Basic,US-Central,25-34,organic
u0795,2026-07-31,Basic,US-West,55+,referral
u0796,2026-07-31,Premium,US-East,35-44,organic
u0797,2026-07-29,Standard,US-West,18-24,organic
u0798,2026-07-27,Standard,US-Central,35-44,organic
u0799,2026-08-04,Premium,US-East,18-24,referral
u0800,2026-08-06,Standard,Canada,25-34,referral
u0801,2026-08-03,Basic,Canada,25-34,organic
u0802,2026-08-09,Standard,US-Central,25-34,organic
u0803,2026-08-03,Basic,US-West,35-44,organic
u0804,2026-08-03,Premium,US-West,45-54,referral
u0805,2026-08-05,Standard,US-West,45-54,referral
u0806,2026-08-04,Premium,US-East,35-44,organic
u0807,2026-08-09,Standard,Canada,25-34,paid_search
u0808,2026-08-08,Standard,US-East,25-34,organic
u0809,2026-08-06,Premium,US-West,18-24,organic
u0810,2026-08-08,Premium,Canada,35-44,organic
u0811,2026-08-11,Standard,US-East,25-34,organic
u0812,2026-08-16,Standard,US-East,45-54,paid_search
u0813,2026-08-15,Standard,US-East,45-54,organic
u0814,2026-08-14,Basic,US-Central,25-34,organic
u0815,2026-08-11,Basic,Canada,25-34,organic
u0816,2026-08-10,Standard,US-Central,18-24,referral
u0817,2026-08-16,Standard,US-Central,25-34,organic
u0818,2026-08-12,Standard,US-Central,35-44,paid_search
u0819,2026-08-15,Premium,US-East,25-34,paid_search
u0820,2026-08-13,Standard,US-Central,45-54,referral
u0821,2026-08-15,Standard,Canada,35-44,paid_search
u0822,2026-08-16,Basic,US-West,45-54,organic
u0823,2026-08-17,Basic,US-West,25-34,paid_search
u0824,2026-08-17,Basic,Canada,25-34,organic
u0825,2026-08-20,Standard,US-East,25-34,referral
u0826,2026-08-20,Basic,US-Central,35-44,organic
u0827,2026-08-20,Basic,US-West,18-24,organic
u0828,2026-08-23,Standard,Canada,55+,organic
u0829,2026-08-21,Basic,US-West,55+,organic
u0830,2026-08-19,Basic,US-West,35-44,organic
u0831,2026-08-22,Basic,Canada,55+,organic
u0832,2026-08-22,Standard,US-West,45-54,organic
u0833,2026-08-21,Basic,US-West,25-34,organic
u0834,2026-08-20,Standard,US-West,18-24,organic
u0835,2026-08-24,Basic,US-West,25-34,paid_search
u0836,2026-08-24,Standard,US-East,18-24,referral
u0837,2026-08-27,Standard,Canada,18-24,organic
u0838,2026-08-28,Basic,Canada,35-44,organic
u0839,2026-08-26,Premium,US-East,25-34,referral
u0840,2026-08-26,Premium,US-Central,35-44,organic
u0841,2026-08-27,Basic,Canada,25-34,organic
u0842,2026-08-28,Basic,US-East,55+,referral
u0843,2026-08-30,Basic,Canada,55+,organic
u0844,2026-08-24,Standard,US-Central,25-34,paid_search
u0845,2026-08-29,Standard,US-West,35-44,paid_search
u0846,2026-08-28,Basic,US-East,18-24,organic
u0847,2026-08-05,Basic,US-Central,25-34,paid_social
u0848,2026-08-05,Premium,US-West,18-24,paid_social
u0849,2026-08-05,Basic,US-Central,35-44,paid_social
u0850,2026-08-03,Basic,US-East,18-24,paid_social
u0851,2026-08-05,Standard,US-East,18-24,paid_social
u0852,2026-08-05,Standard,US-Central,25-34,paid_social
u0853,2026-08-07,Standard,US-Central,18-24,paid_social
u0854,2026-08-03,Premium,Canada,18-24,paid_social
u0855,2026-08-07,Standard,US-West,35-44,paid_social
u0856,2026-08-09,Basic,US-West,18-24,paid_social
u0857,2026-08-06,Basic,US-West,18-24,paid_social
u0858,2026-08-04,Standard,Canada,18-24,paid_social
u0859,2026-08-06,Standard,Canada,18-24,paid_social
u0860,2026-08-04,Standard,US-West,18-24,paid_social
u0861,2026-08-04,Standard,Canada,25-34,paid_social
u0862,2026-08-05,Standard,US-Central,18-24,paid_social
u0863,2026-08-08,Standard,US-Central,18-24,paid_social
u0864,2026-08-05,Basic,US-West,25-34,paid_social
u0865,2026-08-07,Basic,US-Central,18-24,paid_social
u0866,2026-08-05,Basic,US-West,18-24,paid_social
u0867,2026-08-03,Standard,US-East,18-24,paid_social
u0868,2026-08-03,Basic,US-West,25-34,paid_social
u0869,2026-08-05,Standard,US-Central,18-24,paid_social
u0870,2026-08-04,Standard,Canada,18-24,paid_social
u0871,2026-08-07,Basic,US-East,25-34,paid_social
u0872,2026-08-03,Standard,US-Central,18-24,paid_social
u0873,2026-08-06,Standard,US-East,18-24,paid_social
u0874,2026-08-06,Basic,US-Central,18-24,paid_social
u0875,2026-08-06,Basic,US-East,18-24,paid_social
u0876,2026-08-04,Premium,US-Central,18-24,paid_social
u0877,2026-08-08,Basic,US-East,25-34,paid_social
u0878,2026-08-03,Basic,US-East,18-24,paid_social
u0879,2026-08-09,Standard,US-East,18-24,paid_social
u0880,2026-08-03,Standard,Canada,25-34,paid_social
u0881,2026-08-04,Premium,US-West,25-34,paid_social
u0882,2026-08-07,Standard,US-East,18-24,paid_social
u0883,2026-08-09,Basic,US-East,25-34,paid_social
u0884,2026-08-03,Standard,US-Central,25-34,paid_social
u0885,2026-08-05,Standard,US-Central,18-24,paid_social
u0886,2026-08-08,Basic,US-West,18-24,paid_social
u0887,2026-08-05,Basic,US-West,18-24,paid_social
u0888,2026-08-09,Standard,Canada,18-24,paid_social
u0889,2026-08-09,Standard,US-Central,25-34,paid_social
u0890,2026-08-03,Standard,US-Central,25-34,paid_social
u0891,2026-08-09,Standard,Canada,18-24,paid_social
u0892,2026-08-08,Basic,US-Central,18-24,paid_social
u0893,2026-08-04,Premium,US-West,18-24,paid_social
u0894,2026-08-05,Standard,US-Central,18-24,paid_social
u0895,2026-08-06,Premium,US-Central,18-24,paid_social
u0896,2026-08-03,Standard,US-East,18-24,paid_social
u0897,2026-08-06,Premium,US-East,18-24,paid_social
u0898,2026-08-04,Standard,US-West,18-24,paid_social
u0899,2026-08-06,Standard,Canada,18-24,paid_social
u0900,2026-08-06,Basic,US-East,18-24,paid_social
u0901,2026-08-08,Standard,US-East,18-24,paid_social
u0902,2026-08-15,Standard,US-Central,18-24,paid_social
u0903,2026-08-10,Basic,US-East,18-24,paid_social
u0904,2026-08-15,Standard,US-Central,18-24,paid_social
u0905,2026-08-13,Basic,Canada,25-34,paid_social
u0906,2026-08-11,Basic,US-Central,25-34,paid_social
u0907,2026-08-10,Standard,Canada,18-24,paid_social
u0908,2026-08-12,Basic,US-West,18-24,paid_social
u0909,2026-08-10,Standard,US-Central,18-24,paid_social
u0910,2026-08-16,Standard,US-East,18-24,paid_social
u0911,2026-08-15,Basic,US-East,18-24,paid_social
u0912,2026-08-10,Standard,Canada,25-34,paid_social
u0913,2026-08-15,Basic,Canada,18-24,paid_social
u0914,2026-08-12,Basic,Canada,18-24,paid_social
u0915,2026-08-14,Premium,Canada,25-34,paid_social
u0916,2026-08-13,Standard,US-West,25-34,paid_social
u0917,2026-08-12,Premium,US-West,35-44,paid_social
u0918,2026-08-10,Basic,Canada,18-24,paid_social
u0919,2026-08-15,Standard,US-West,25-34,paid_social
u0920,2026-08-12,Standard,US-West,25-34,paid_social
u0921,2026-08-10,Premium,US-West,18-24,paid_social
u0922,2026-08-11,Premium,US-East,25-34,paid_social
u0923,2026-08-13,Basic,US-Central,35-44,paid_social
u0924,2026-08-16,Standard,US-Central,25-34,paid_social
u0925,2026-08-15,Standard,Canada,25-34,paid_social
u0926,2026-08-14,Basic,US-Central,18-24,paid_social
u0927,2026-08-14,Premium,US-West,18-24,paid_social
u0928,2026-08-10,Premium,US-Central,18-24,paid_social
u0929,2026-08-10,Standard,US-Central,35-44,paid_social
u0930,2026-08-12,Premium,US-West,25-34,paid_social
u0931,2026-08-16,Standard,US-Central,25-34,paid_social
u0932,2026-08-12,Premium,US-East,35-44,paid_social
u0933,2026-08-15,Basic,Canada,18-24,paid_social
u0934,2026-08-16,Basic,US-West,18-24,paid_social
u0935,2026-08-14,Basic,US-West,25-34,paid_social
u0936,2026-08-16,Standard,US-East,25-34,paid_social
u0937,2026-08-13,Premium,US-West,18-24,paid_social
u0938,2026-08-11,Standard,US-West,18-24,paid_social
u0939,2026-08-10,Basic,US-Central,25-34,paid_social
u0940,2026-08-16,Standard,Canada,18-24,paid_social
u0941,2026-08-13,Premium,US-Central,18-24,paid_social
u0942,2026-08-11,Standard,US-Central,25-34,paid_social
u0943,2026-08-10,Standard,Canada,25-34,paid_social
u0944,2026-08-12,Basic,US-West,18-24,paid_social
u0945,2026-08-10,Basic,US-Central,18-24,paid_social
u0946,2026-08-12,Standard,US-East,18-24,paid_social
u0947,2026-08-15,Premium,Canada,18-24,paid_social
u0948,2026-08-10,Premium,US-East,25-34,paid_social
u0949,2026-08-15,Basic,US-East,18-24,paid_social
u0950,2026-08-15,Premium,US-East,18-24,paid_social
u0951,2026-08-12,Basic,US-East,18-24,paid_social
u0952,2026-08-11,Premium,US-East,18-24,paid_social
u0953,2026-08-13,Basic,Canada,18-24,paid_social
u0954,2026-08-14,Standard,US-East,18-24,paid_social
u0955,2026-08-13,Standard,US-East,25-34,paid_social
u0956,2026-08-14,Standard,US-West,25-34,paid_social
u0957,2026-08-13,Basic,US-East,25-34,paid_social
u0958,2026-08-12,Basic,US-East,18-24,paid_social
u0959,2026-08-13,Standard,US-East,18-24,paid_social
u0960,2026-08-11,Standard,US-East,25-34,paid_social
u0961,2026-08-14,Basic,US-East,25-34,paid_social
u0962,2026-08-12,Standard,Canada,18-24,paid_social
u0963,2026-08-13,Basic,US-East,25-34,paid_social
u0964,2026-08-12,Basic,US-West,18-24,paid_social
u0965,2026-08-15,Basic,Canada,18-24,paid_social
u0966,2026-08-10,Standard,US-Central,25-34,paid_social
u0967,2026-08-11,Premium,US-West,18-24,paid_social
u0968,2026-08-12,Standard,US-Central,18-24,paid_social
u0969,2026-08-10,Premium,US-East,18-24,paid_social
u0970,2026-08-12,Standard,US-East,25-34,paid_social
u0971,2026-08-15,Standard,US-West,18-24,paid_social
u0972,2026-08-12,Standard,Canada,18-24,paid_social
u0973,2026-08-15,Premium,US-East,25-34,paid_social
u0974,2026-08-15,Standard,Canada,18-24,paid_social
u0975,2026-08-16,Basic,US-West,18-24,paid_social
u0976,2026-08-12,Standard,US-East,18-24,paid_social
u0977,2026-08-17,Premium,Canada,18-24,paid_social
u0978,2026-08-23,Standard,US-West,25-34,paid_social
u0979,2026-08-19,Standard,US-East,18-24,paid_social
u0980,2026-08-17,Premium,Canada,18-24,paid_social
u0981,2026-08-19,Standard,US-Central,18-24,paid_social
u0982,2026-08-22,Standard,US-East,18-24,paid_social
u0983,2026-08-20,Basic,US-Central,18-24,paid_social
u0984,2026-08-17,Standard,US-West,18-24,paid_social
u0985,2026-08-19,Basic,US-Central,18-24,paid_social
u0986,2026-08-21,Premium,Canada,25-34,paid_social
u0987,2026-08-21,Premium,US-Central,18-24,paid_social
u0988,2026-08-20,Basic,US-East,25-34,paid_social
u0989,2026-08-21,Standard,Canada,25-34,paid_social
u0990,2026-08-20,Premium,US-West,35-44,paid_social
u0991,2026-08-21,Standard,US-Central,25-34,paid_social
u0992,2026-08-17,Standard,US-Central,18-24,paid_social
u0993,2026-08-23,Premium,Canada,25-34,paid_social
u0994,2026-08-17,Standard,US-East,18-24,paid_social
u0995,2026-08-18,Premium,US-West,18-24,paid_social
u0996,2026-08-19,Standard,US-Central,18-24,paid_social
u0997,2026-08-17,Premium,US-Central,18-24,paid_social
u0998,2026-08-20,Standard,Canada,25-34,paid_social
u0999,2026-08-17,Standard,Canada,25-34,paid_social
u1000,2026-08-17,Basic,US-Central,18-24,paid_social
u1001,2026-08-20,Premium,Canada,25-34,paid_social
u1002,2026-08-23,Standard,US-West,18-24,paid_social
u1003,2026-08-18,Basic,US-West,18-24,paid_social
u1004,2026-08-22,Premium,US-Central,25-34,paid_social
u1005,2026-08-19,Premium,US-East,18-24,paid_social
u1006,2026-08-23,Premium,US-Central,18-24,paid_social
u1007,2026-08-21,Standard,US-East,18-24,paid_social
u1008,2026-08-17,Standard,Canada,18-24,paid_social
u1009,2026-08-18,Standard,US-West,18-24,paid_social
u1010,2026-08-22,Standard,US-East,18-24,paid_social
u1011,2026-08-23,Basic,Canada,25-34,paid_social
u1012,2026-08-20,Standard,US-West,25-34,paid_social
u1013,2026-08-20,Premium,Canada,18-24,paid_social
u1014,2026-08-21,Basic,US-Central,25-34,paid_social
u1015,2026-08-17,Standard,US-East,25-34,paid_social
u1016,2026-08-20,Basic,Canada,25-34,paid_social
u1017,2026-08-19,Premium,Canada,18-24,paid_social
u1018,2026-08-23,Premium,Canada,18-24,paid_social
u1019,2026-08-22,Basic,US-West,18-24,paid_social
u1020,2026-08-22,Standard,Canada,18-24,paid_social
u1021,2026-08-21,Premium,US-Central,25-34,paid_social
u1022,2026-08-19,Basic,US-Central,25-34,paid_social
u1023,2026-08-23,Basic,US-Central,25-34,paid_social
u1024,2026-08-18,Basic,US-East,18-24,paid_social
u1025,2026-08-20,Basic,US-Central,18-24,paid_social
u1026,2026-08-18,Standard,US-West,18-24,paid_social
u1027,2026-08-18,Basic,Canada,18-24,paid_social
u1028,2026-08-23,Basic,US-West,18-24,paid_social
u1029,2026-08-20,Basic,US-East,18-24,paid_social
u1030,2026-08-18,Premium,US-West,25-34,paid_social
u1031,2026-08-17,Basic,US-Central,18-24,paid_social
u1032,2026-08-23,Standard,US-Central,25-34,paid_social
u1033,2026-08-22,Basic,US-West,18-24,paid_social
u1034,2026-08-19,Basic,Canada,18-24,paid_social
u1035,2026-08-20,Basic,US-West,18-24,paid_social
u1036,2026-08-19,Standard,US-Central,25-34,paid_social
u1037,2026-08-18,Standard,US-West,18-24,paid_social
u1038,2026-08-21,Standard,US-West,25-34,paid_social
u1039,2026-08-17,Standard,US-East,18-24,paid_social
u1040,2026-08-17,Basic,US-East,25-34,paid_social
u1041,2026-08-18,Standard,US-East,35-44,paid_social
u1042,2026-08-18,Standard,US-Central,25-34,paid_social
u1043,2026-08-20,Premium,US-East,18-24,paid_social
u1044,2026-08-22,Basic,US-West,35-44,paid_social
u1045,2026-08-18,Premium,US-Central,25-34,paid_social
u1046,2026-08-20,Standard,US-East,18-24,paid_social
u1047,2026-08-23,Premium,US-West,18-24,paid_social
u1048,2026-08-19,Standard,Canada,18-24,paid_social
u1049,2026-08-22,Basic,US-East,25-34,paid_social
u1050,2026-08-18,Standard,US-East,18-24,paid_social
u1051,2026-08-21,Standard,US-Central,18-24,paid_social
u1052,2026-08-19,Premium,US-West,25-34,paid_social
u1053,2026-08-21,Basic,US-East,18-24,paid_social
u1054,2026-08-23,Premium,US-Central,35-44,paid_social
u1055,2026-08-20,Basic,US-East,25-34,paid_social
u1056,2026-08-20,Standard,US-West,18-24,paid_social
u1057,2026-08-21,Standard,Canada,18-24,paid_social
u1058,2026-08-20,Basic,US-East,25-34,paid_social
u1059,2026-08-18,Standard,US-East,18-24,paid_social
u1060,2026-08-22,Premium,US-Central,18-24,paid_social
u1061,2026-08-19,Standard,US-West,25-34,paid_social
u1062,2026-08-29,Standard,US-East,18-24,paid_social
u1063,2026-08-28,Standard,US-West,18-24,paid_social
u1064,2026-08-28,Basic,Canada,25-34,paid_social
u1065,2026-08-25,Premium,US-East,18-24,paid_social
u1066,2026-08-28,Standard,US-Central,18-24,paid_social
u1067,2026-08-25,Standard,US-West,18-24,paid_social
u1068,2026-08-27,Premium,US-East,18-24,paid_social
u1069,2026-08-28,Basic,US-West,18-24,paid_social
u1070,2026-08-27,Premium,US-Central,18-24,paid_social
u1071,2026-08-28,Premium,US-Central,18-24,paid_social
u1072,2026-08-25,Premium,US-East,25-34,paid_social
u1073,2026-08-25,Premium,US-West,18-24,paid_social
u1074,2026-08-25,Standard,US-East,18-24,paid_social
u1075,2026-08-24,Basic,Canada,18-24,paid_social
u1076,2026-08-27,Standard,US-Central,18-24,paid_social
u1077,2026-08-28,Basic,Canada,18-24,paid_social
u1078,2026-08-25,Basic,Canada,18-24,paid_social
u1079,2026-08-29,Basic,US-West,18-24,paid_social
u1080,2026-08-26,Premium,US-Central,18-24,paid_social
u1081,2026-08-27,Premium,US-East,18-24,paid_social
u1082,2026-08-30,Premium,US-Central,18-24,paid_social
u1083,2026-08-25,Standard,US-West,18-24,paid_social
u1084,2026-08-30,Standard,US-West,18-24,paid_social
u1085,2026-08-28,Standard,US-West,18-24,paid_social
u1086,2026-08-25,Premium,US-West,18-24,paid_social
u1087,2026-08-30,Basic,Canada,18-24,paid_social
u1088,2026-08-26,Standard,Canada,25-34,paid_social
u1089,2026-08-26,Standard,Canada,18-24,paid_social
u1090,2026-08-27,Basic,US-Central,18-24,paid_social
u1091,2026-08-28,Standard,Canada,35-44,paid_social
u1092,2026-08-27,Standard,US-Central,18-24,paid_social
u1093,2026-08-30,Standard,US-West,18-24,paid_social
u1094,2026-08-28,Standard,Canada,18-24,paid_social
u1095,2026-08-28,Premium,US-Central,25-34,paid_social
u1096,2026-08-29,Standard,Canada,18-24,paid_social
u1097,2026-08-29,Basic,US-East,25-34,paid_social
u1098,2026-08-29,Premium,US-Central,18-24,paid_social
u1099,2026-08-27,Basic,US-Central,35-44,paid_social
u1100,2026-08-30,Basic,US-Central,35-44,paid_social
u1101,2026-08-25,Standard,US-Central,18-24,paid_social
u1102,2026-08-26,Premium,US-East,18-24,paid_social
u1103,2026-08-25,Standard,US-West,25-34,paid_social
u1104,2026-08-24,Basic,Canada,18-24,paid_social
u1105,2026-08-30,Standard,US-East,18-24,paid_social
u1106,2026-08-25,Standard,US-West,18-24,paid_social
u1107,2026-08-27,Basic,US-West,18-24,paid_social
u1108,2026-08-27,Basic,US-West,25-34,paid_social
u1109,2026-08-26,Basic,US-West,18-24,paid_social
u1110,2026-08-26,Standard,Canada,25-34,paid_social
u1111,2026-08-25,Basic,US-East,18-24,paid_social
u1112,2026-08-30,Standard,US-Central,18-24,paid_social
u1113,2026-08-26,Basic,US-East,18-24,paid_social
u1114,2026-08-28,Basic,US-Central,18-24,paid_social
u1115,2026-08-28,Basic,US-East,25-34,paid_social
u1116,2026-08-27,Premium,US-Central,18-24,paid_social
u1117,2026-08-29,Basic,US-East,18-24,paid_social
u1118,2026-08-25,Standard,US-Central,18-24,paid_social
u1119,2026-08-29,Premium,Canada,35-44,paid_social
u1120,2026-08-24,Premium,US-West,18-24,paid_social
u1121,2026-08-27,Basic,US-East,18-24,paid_social
u1122,2026-08-27,Basic,US-Central,18-24,paid_social
u1123,2026-08-25,Basic,US-Central,18-24,paid_social
u1124,2026-08-30,Premium,US-East,25-34,paid_social
u1125,2026-08-28,Standard,Canada,18-24,paid_social
u1126,2026-08-24,Standard,US-Central,18-24,paid_social
u1127,2026-08-24,Standard,US-East,18-24,paid_social
u1128,2026-08-29,Standard,US-Central,25-34,paid_social
u1129,2026-08-30,Standard,US-East,25-34,paid_social
u1130,2026-08-24,Standard,US-West,18-24,paid_social
u1131,2026-08-28,Standard,US-Central,18-24,paid_social
u1132,2026-08-29,Standard,US-Central,25-34,paid_social
u1133,2026-08-24,Standard,US-Central,18-24,paid_social
u1134,2026-08-24,Standard,Canada,18-24,paid_social
u1135,2026-08-29,Standard,US-East,18-24,paid_social
u1136,2026-08-25,Basic,US-Central,18-24,paid_social
u1137,2026-08-24,Premium,Canada,25-34,paid_social
u1138,2026-08-30,Standard,US-West,18-24,paid_social
u1139,2026-08-27,Standard,Canada,25-34,paid_social
u1140,2026-08-28,Standard,Canada,25-34,paid_social
u1141,2026-08-26,Standard,US-East,25-34,paid_social
